Effective date ,S&P 500 Energy (Sector)
8/31/2011,506.52
9/1/2011,502.12
9/2/2011,489.4
9/6/2011,483.84
9/7/2011,501.5
9/8/2011,495.38
9/9/2011,479.28
9/12/2011,481.82
9/13/2011,483.01
9/14/2011,489.21
9/15/2011,499
9/16/2011,498.61
9/19/2011,491.32
9/20/2011,488.29
9/21/2011,468.86
9/22/2011,444.02
9/23/2011,440.57
9/26/2011,456.24
9/27/2011,463.12
9/28/2011,449.2
9/29/2011,455.47
9/30/2011,442.79
10/3/2011,428.25
10/4/2011,441.75
10/5/2011,456.5
10/6/2011,463.77
10/7/2011,458.1
10/10/2011,478.54
10/11/2011,478.77
10/12/2011,482.46
10/13/2011,480.97
10/14/2011,498.17
10/17/2011,489.74
10/18/2011,504.5
10/19/2011,499.85
10/20/2011,503.17
10/21/2011,512.36
10/24/2011,518.25
10/25/2011,507.86
10/26/2011,519.27
10/27/2011,539.32
10/28/2011,541.85
10/31/2011,517.85
11/1/2011,501.74
11/2/2011,516.05
11/3/2011,528.9
11/4/2011,528.15
11/7/2011,531.96
11/8/2011,539.15
11/9/2011,516.19
11/10/2011,525.25
11/11/2011,534.89
11/14/2011,528.4
11/15/2011,527.6
11/16/2011,519.55
11/17/2011,508.53
11/18/2011,506.09
11/21/2011,497.56
11/22/2011,492.81
11/23/2011,478.52
11/25/2011,474.51
11/28/2011,491.48
11/29/2011,498.99
11/30/2011,526.41
12/1/2011,522.76
12/2/2011,522.32
12/5/2011,528.47
12/6/2011,528.85
12/7/2011,525.03
12/8/2011,511.58
12/9/2011,522.91
12/12/2011,510.61
12/13/2011,507.98
12/14/2011,494.18
12/15/2011,493.02
12/16/2011,497.4
12/19/2011,489.2
12/20/2011,508.52
12/21/2011,514.42
12/22/2011,520.29
12/23/2011,524.47
12/27/2011,525.49
12/28/2011,515.62
12/29/2011,521.62
12/30/2011,520.81
1/3/2012,534.38
1/4/2012,535.16
1/5/2012,531.91
1/6/2012,529.04
1/9/2012,532.06
1/10/2012,535.89
1/11/2012,528.84
1/12/2012,524.36
1/13/2012,522.47
1/17/2012,526.3
1/18/2012,534.25
1/19/2012,536.43
1/20/2012,537
1/23/2012,540.54
1/24/2012,539.1
1/25/2012,544.78
1/26/2012,537.56
1/27/2012,535.34
1/30/2012,533.06
1/31/2012,528.53
2/1/2012,530.95
2/2/2012,533.51
2/3/2012,543.29
2/6/2012,549.34
2/7/2012,552.03
2/8/2012,549.01
2/9/2012,548.72
2/10/2012,542.98
2/13/2012,547.41
2/14/2012,548.53
2/15/2012,546.77
2/16/2012,553.53
2/17/2012,555.03
2/21/2012,559.62
2/22/2012,560.74
2/23/2012,563.49
2/24/2012,565.66
2/27/2012,563.98
2/28/2012,563.14
2/29/2012,557.36
3/1/2012,562.47
3/2/2012,556.19
3/5/2012,554.41
3/6/2012,545.37
3/7/2012,548.83
3/8/2012,551.56
3/9/2012,550.8
3/12/2012,549.18
3/13/2012,556.16
3/14/2012,550.59
3/15/2012,551.31
3/16/2012,557.69
3/19/2012,560.98
3/20/2012,552.97
3/21/2012,547.21
3/22/2012,535.84
3/23/2012,541.01
3/26/2012,545.95
3/27/2012,540.83
3/28/2012,534.19
3/29/2012,534.42
3/30/2012,538.43
4/2/2012,543.41
4/3/2012,538.06
4/4/2012,531.52
4/5/2012,528.72
4/9/2012,521.99
4/10/2012,511.89
4/11/2012,512
4/12/2012,522.64
4/13/2012,514.39
4/16/2012,513.04
4/17/2012,522.04
4/18/2012,521.01
4/19/2012,519.53
4/20/2012,519.06
4/23/2012,518.5
4/24/2012,522.32
4/25/2012,526.88
4/26/2012,530.77
4/27/2012,530.49
4/30/2012,533.15
5/1/2012,540.68
5/2/2012,532
5/3/2012,524.11
5/4/2012,512.76
5/7/2012,511.65
5/8/2012,509.77
5/9/2012,506.16
5/10/2012,508.03
5/11/2012,504.42
5/14/2012,496.59
5/15/2012,489.22
5/16/2012,486.95
5/17/2012,483.63
5/18/2012,480.27
5/21/2012,490.45
5/22/2012,488.87
5/23/2012,490.77
5/24/2012,490.48
5/25/2012,488.9
5/29/2012,495.38
5/30/2012,480.65
5/31/2012,476.51
6/1/2012,466.44
6/4/2012,466.27
6/5/2012,469.09
6/6/2012,483.84
6/7/2012,484.71
6/8/2012,484.73
6/11/2012,479.07
6/12/2012,485.27
6/13/2012,479.96
6/14/2012,487.97
6/15/2012,496.71
6/18/2012,492.54
6/19/2012,499.52
6/20/2012,498
6/21/2012,478.12
6/22/2012,480.17
6/25/2012,471.13
6/26/2012,476.38
6/27/2012,485.34
6/28/2012,488.25
6/29/2012,503.27
7/2/2012,503.13
7/3/2012,514.04
7/5/2012,506.99
7/6/2012,501.52
7/9/2012,498.67
7/10/2012,491.77
7/11/2012,498.59
7/12/2012,496.49
7/13/2012,505.18
7/16/2012,506.67
7/17/2012,512.57
7/18/2012,516.82
7/19/2012,517.78
7/20/2012,518.11
7/23/2012,513.11
7/24/2012,505.94
7/25/2012,506.64
7/26/2012,520.18
7/27/2012,528.23
7/30/2012,529.55
7/31/2012,523.7
8/1/2012,526.23
8/2/2012,517.51
8/3/2012,529.72
8/6/2012,530.48
8/7/2012,537.5
8/8/2012,538.4
8/9/2012,540.36
8/10/2012,542.1
8/13/2012,539.38
8/14/2012,538.87
8/15/2012,537.29
8/16/2012,542.49
8/17/2012,541.32
8/20/2012,539.98
8/21/2012,538.01
8/22/2012,539.45
8/23/2012,534.14
8/24/2012,537.64
8/27/2012,537
8/28/2012,537.93
8/29/2012,534.82
8/30/2012,529.06
8/31/2012,533.54
9/4/2012,529.83
9/5/2012,528.26
9/6/2012,538.87
9/7/2012,547.66
9/10/2012,545.2
9/11/2012,550.17
9/12/2012,552.33
9/13/2012,562.54
9/14/2012,569.9
9/17/2012,565.44
9/18/2012,561.37
9/19/2012,556.12
9/20/2012,558.53
9/21/2012,559.57
9/24/2012,556.66
9/25/2012,551.69
9/26/2012,546.8
9/27/2012,553.93
9/28/2012,551.19
10/1/2012,554.18
10/2/2012,554.42
10/3/2012,548.24
10/4/2012,553.75
10/5/2012,552.93
10/8/2012,553.7
10/9/2012,553.75
10/10/2012,543.84
10/11/2012,547.08
10/12/2012,544.24
10/15/2012,547.04
10/16/2012,555.46
10/17/2012,562.02
10/18/2012,562.19
10/19/2012,553.76
10/22/2012,551.38
10/23/2012,538.35
10/24/2012,534.98
10/25/2012,539.93
10/26/2012,540.44
10/31/2012,539.94
11/1/2012,543.14
11/2/2012,533.87
11/5/2012,537.74
11/6/2012,546.16
11/7/2012,529.44
11/8/2012,520.71
11/9/2012,520.82
11/12/2012,521.54
11/13/2012,518.57
11/14/2012,511.96
11/15/2012,512.49
11/16/2012,514.35
11/19/2012,525.8
11/20/2012,523.72
11/21/2012,526.61
11/23/2012,533.58
11/26/2012,529.21
11/27/2012,524.2
11/28/2012,529.88
11/29/2012,530.38
11/30/2012,530.21
12/3/2012,526.97
12/4/2012,524.95
12/5/2012,528.62
12/6/2012,530.23
12/7/2012,533.69
12/10/2012,533.16
12/11/2012,536.09
12/12/2012,538.22
12/13/2012,533.45
12/14/2012,531.05
12/17/2012,535.74
12/18/2012,544.76
12/19/2012,540.42
12/20/2012,544.35
12/21/2012,538.03
12/24/2012,534.15
12/26/2012,532.16
12/27/2012,531.43
12/28/2012,522.03
12/31/2012,532.96
1/2/2013,545.39
1/3/2013,544.85
1/4/2013,550.56
1/7/2013,546.06
1/8/2013,545.19
1/9/2013,544.08
1/10/2013,549.24
1/11/2013,550.46
1/14/2013,550.41
1/15/2013,552.49
1/16/2013,554.2
1/17/2013,558.03
1/18/2013,563.07
1/22/2013,567.98
1/23/2013,565.89
1/24/2013,568.31
1/25/2013,573.26
1/28/2013,571.38
1/29/2013,580.33
1/30/2013,576.47
1/31/2013,573.41
2/1/2013,578.72
2/4/2013,573.23
2/5/2013,577.41
2/6/2013,577.57
2/7/2013,574.53
2/8/2013,579.27
2/11/2013,576.04
2/12/2013,577.85
2/13/2013,579.07
2/14/2013,582.1
2/15/2013,575.96
2/19/2013,582.61
2/20/2013,572.03
2/21/2013,568.2
2/22/2013,573.57
2/25/2013,559.15
2/26/2013,564.35
2/27/2013,572.96
2/28/2013,573.39
3/1/2013,572.13
3/4/2013,570.75
3/5/2013,574.87
3/6/2013,575.16
3/7/2013,576.61
3/8/2013,579.21
3/11/2013,579.42
3/12/2013,580.15
3/13/2013,579.07
3/14/2013,586.61
3/15/2013,585.73
3/18/2013,580.57
3/19/2013,575.11
3/20/2013,578.44
3/21/2013,575.41
3/22/2013,580.13
3/25/2013,577.93
3/26/2013,584.09
3/27/2013,585.81
3/28/2013,583.98
4/1/2013,583.88
4/2/2013,581.14
4/3/2013,571.78
4/4/2013,571.12
4/5/2013,571.16
4/8/2013,574
4/9/2013,578.31
4/10/2013,581.22
4/11/2013,583.87
4/12/2013,576.11
4/15/2013,553.79
4/16/2013,559.74
4/17/2013,548.87
4/18/2013,552.73
4/19/2013,552.56
4/22/2013,558.32
4/23/2013,564.69
4/24/2013,571.3
4/25/2013,570.45
4/26/2013,570.34
4/29/2013,575.94
4/30/2013,578.84
5/1/2013,569.36
5/2/2013,576.68
5/3/2013,587.07
5/6/2013,590.35
5/7/2013,594.33
5/8/2013,595.6
5/9/2013,593.95
5/10/2013,591.2
5/13/2013,591.06
5/14/2013,598.67
5/15/2013,596.44
5/16/2013,593.27
5/17/2013,602.63
5/20/2013,610.38
5/21/2013,610.14
5/22/2013,602.63
5/23/2013,601.43
5/24/2013,599.35
5/28/2013,605.39
5/29/2013,604.25
5/30/2013,602.87
5/31/2013,590.86
6/3/2013,596.79
6/4/2013,592.09
6/5/2013,585.45
6/6/2013,589.28
6/7/2013,596.22
6/10/2013,594.6
6/11/2013,586.23
6/12/2013,581.85
6/13/2013,591.98
6/14/2013,586.24
6/17/2013,593.84
6/18/2013,597.23
6/19/2013,591.24
6/20/2013,575.13
6/21/2013,576.99
6/24/2013,568.18
6/25/2013,574.49
6/26/2013,578.5
6/27/2013,579.78
6/28/2013,578.54
7/1/2013,581.76
7/2/2013,583.06
7/3/2013,583.21
7/5/2013,589.59
7/8/2013,593.72
7/9/2013,600.05
7/10/2013,596.56
7/11/2013,602.11
7/12/2013,604.48
7/15/2013,604.05
7/16/2013,600.67
7/17/2013,603.36
7/18/2013,609.03
7/19/2013,617.28
7/22/2013,615.76
7/23/2013,616.96
7/24/2013,611.06
7/25/2013,614.24
7/26/2013,612.55
7/29/2013,607.37
7/30/2013,605.65
7/31/2013,607.46
8/1/2013,614.56
8/2/2013,610.96
8/5/2013,609.26
8/6/2013,606.25
8/7/2013,604.15
8/8/2013,607.54
8/9/2013,604.56
8/12/2013,601.33
8/13/2013,602.34
8/14/2013,599.92
8/15/2013,595.94
8/16/2013,593.49
8/19/2013,584.37
8/20/2013,587.04
8/21/2013,583.87
8/22/2013,591.73
8/23/2013,596.12
8/26/2013,594.64
8/27/2013,591.05
8/28/2013,601.53
8/29/2013,594.99
8/30/2013,594.84
9/3/2013,598.33
9/4/2013,601.48
9/5/2013,602.98
9/6/2013,603.11
9/9/2013,609.27
9/10/2013,609.37
9/11/2013,613.98
9/12/2013,610.33
9/13/2013,610.62
9/16/2013,610.72
9/17/2013,613.31
9/18/2013,620.75
9/19/2013,619.42
9/20/2013,614.58
9/23/2013,611.53
9/24/2013,611.76
9/25/2013,611.45
9/26/2013,611.83
9/27/2013,609.94
9/30/2013,604.86
10/1/2013,608.14
10/2/2013,609.72
10/3/2013,604.6
10/4/2013,609.76
10/7/2013,605.45
10/8/2013,599.32
10/9/2013,597.37
10/10/2013,607.65
10/11/2013,613.92
10/14/2013,617.74
10/15/2013,615.08
10/16/2013,623.49
10/17/2013,624.83
10/18/2013,630.27
10/21/2013,627.86
10/22/2013,632.11
10/23/2013,623.6
10/24/2013,627.24
10/25/2013,629.82
10/28/2013,630.71
10/29/2013,634.86
10/30/2013,630.89
10/31/2013,629.49
11/1/2013,627.55
11/4/2013,635.79
11/5/2013,630.9
11/6/2013,634.64
11/7/2013,625.19
11/8/2013,634.08
11/11/2013,635.12
11/12/2013,629.63
11/13/2013,633.7
11/14/2013,637.11
11/15/2013,641.56
11/18/2013,637.59
11/19/2013,638.71
11/20/2013,636.82
11/21/2013,642.13
11/22/2013,645.71
11/25/2013,640.37
11/26/2013,638.17
11/27/2013,633.67
11/29/2013,632.66
12/2/2013,632.96
12/3/2013,635.05
12/4/2013,632.34
12/5/2013,629.61
12/6/2013,632.93
12/9/2013,633.49
12/10/2013,631.75
12/11/2013,622.73
12/12/2013,625.69
12/13/2013,623.3
12/16/2013,629.28
12/17/2013,625.48
12/18/2013,635.81
12/19/2013,637.23
12/20/2013,638.04
12/23/2013,638.26
12/24/2013,642.32
12/26/2013,647.83
12/27/2013,650.97
12/30/2013,645.77
12/31/2013,651.67
1/2/2014,643.16
1/3/2014,641.53
1/6/2014,641.93
1/7/2014,647.66
1/8/2014,643.24
1/9/2014,640.88
1/10/2014,641.83
1/13/2014,629.63
1/14/2014,636.5
1/15/2014,634.47
1/16/2014,634.96
1/17/2014,634.62
1/21/2014,637.84
1/22/2014,639.89
1/23/2014,632.71
1/24/2014,619.65
1/27/2014,617.54
1/28/2014,622.35
1/29/2014,618.66
1/30/2014,619.63
1/31/2014,610.44
2/3/2014,599.58
2/4/2014,603.98
2/5/2014,598.77
2/6/2014,606.57
2/7/2014,613.21
2/10/2014,609.35
2/11/2014,618.04
2/12/2014,615.76
2/13/2014,618.12
2/14/2014,627.11
2/18/2014,629.11
2/19/2014,629.42
2/20/2014,634.22
2/21/2014,629.81
2/24/2014,639.36
2/25/2014,639.27
2/26/2014,635.36
2/27/2014,635.29
2/28/2014,638.36
3/3/2014,634.51
3/4/2014,640.96
3/5/2014,634.07
3/6/2014,637.61
3/7/2014,640.16
3/10/2014,641.48
3/11/2014,633.99
3/12/2014,634.28
3/13/2014,628.11
3/14/2014,628.98
3/17/2014,633.01
3/18/2014,637.94
3/19/2014,632.13
3/20/2014,635.32
3/21/2014,636.96
3/24/2014,636.21
3/25/2014,641.55
3/26/2014,639.49
3/27/2014,645
3/28/2014,652.98
3/31/2014,652.9
4/1/2014,656.38
4/2/2014,658.47
4/3/2014,662.19
4/4/2014,659.5
4/7/2014,649.98
4/8/2014,655.87
4/9/2014,659.03
4/10/2014,650.25
4/11/2014,648.8
4/14/2014,657.31
4/15/2014,665.55
4/16/2014,673.58
4/17/2014,679.12
4/21/2014,683.56
4/22/2014,682.05
4/23/2014,685.28
4/24/2014,684.62
4/25/2014,681.62
4/28/2014,683.45
4/29/2014,686.34
4/30/2014,686.29
5/1/2014,683.84
5/2/2014,686.03
5/5/2014,689.2
5/6/2014,690.2
5/7/2014,695.51
5/8/2014,686.57
5/9/2014,685.35
5/12/2014,689.56
5/13/2014,691.8
5/14/2014,692.09
5/15/2014,683.03
5/16/2014,681.13
5/19/2014,683.14
5/20/2014,681.49
5/21/2014,688.88
5/22/2014,687.75
5/23/2014,686.9
5/27/2014,688.47
5/28/2014,689.28
5/29/2014,694.26
5/30/2014,693.46
6/2/2014,691.8
6/3/2014,694.1
6/4/2014,693.16
6/5/2014,697.36
6/6/2014,703.13
6/9/2014,703.85
6/10/2014,703.14
6/11/2014,705.42
6/12/2014,707.69
6/13/2014,714.83
6/16/2014,718.56
6/17/2014,717.34
6/18/2014,722.75
6/19/2014,727.23
6/20/2014,734.16
6/23/2014,737.09
6/24/2014,722.5
6/25/2014,727.3
6/26/2014,727.87
6/27/2014,727.52
6/30/2014,727.63
7/1/2014,728.34
7/2/2014,727.53
7/3/2014,730.37
7/7/2014,726.23
7/8/2014,725.08
7/9/2014,729.69
7/10/2014,722.76
7/11/2014,717.24
7/14/2014,723.51
7/15/2014,720.34
7/16/2014,731.59
7/17/2014,719.87
7/18/2014,721.91
7/21/2014,723.03
7/22/2014,728.55
7/23/2014,732.62
7/24/2014,733.44
7/25/2014,727.81
7/28/2014,726.97
7/29/2014,724.07
7/30/2014,720.33
7/31/2014,702.87
8/1/2014,697.87
8/4/2014,709.1
8/5/2014,693.94
8/6/2014,696.66
8/7/2014,691.9
8/8/2014,703.5
8/11/2014,702.45
8/12/2014,697.78
8/13/2014,700.1
8/14/2014,696.58
8/15/2014,700.15
8/18/2014,702.12
8/19/2014,707.23
8/20/2014,708.65
8/21/2014,708.67
8/22/2014,704.06
8/25/2014,709.61
8/26/2014,713.29
8/27/2014,712.59
8/28/2014,712.27
8/29/2014,715.72
9/2/2014,706.8
9/3/2014,709
9/4/2014,699.83
9/5/2014,704.64
9/8/2014,693.47
9/9/2014,690.18
9/10/2014,688.1
9/11/2014,688.7
9/12/2014,678.33
9/15/2014,683.29
9/16/2014,691.39
9/17/2014,688.08
9/18/2014,684.8
9/19/2014,684.82
9/22/2014,675.52
9/23/2014,673.39
9/24/2014,673.63
9/25/2014,663.29
9/26/2014,671.95
9/29/2014,669.11
9/30/2014,661.05
10/1/2014,648.71
10/2/2014,646.25
10/3/2014,646.26
10/6/2014,647.09
10/7/2014,638.48
10/8/2014,644.91
10/9/2014,621.04
10/10/2014,613.73
10/13/2014,596.21
10/14/2014,588.9
10/15/2014,591.42
10/16/2014,601.39
10/17/2014,606.9
10/20/2014,611.51
10/21/2014,629.4
10/22/2014,618.97
10/23/2014,630.02
10/24/2014,628.23
10/27/2014,615.48
10/28/2014,629.44
10/29/2014,630.45
10/30/2014,628.5
10/31/2014,641.32
11/3/2014,630.16
11/4/2014,617.99
11/5/2014,628.79
11/6/2014,636.84
11/7/2014,642.8
11/10/2014,637.45
11/11/2014,639.12
11/12/2014,633.21
11/13/2014,624.69
11/14/2014,629.88
11/17/2014,627.15
11/18/2014,627.42
11/19/2014,630.93
11/20/2014,637.82
11/21/2014,645.6
11/24/2014,640.88
11/25/2014,630.62
11/26/2014,623.65
11/28/2014,584.58
12/1/2014,588.74
12/2/2014,596.58
12/3/2014,603.53
12/4/2014,598.67
12/5/2014,591.53
12/8/2014,568.43
12/9/2014,573.29
12/10/2014,555.63
12/11/2014,555.82
12/12/2014,543.9
12/15/2014,540.03
12/16/2014,543.79
12/17/2014,566.75
12/18/2014,578.79
12/19/2014,596.85
12/22/2014,591.01
12/23/2014,598.44
12/24/2014,593.6
12/26/2014,593.19
12/29/2014,594.76
12/30/2014,591.05
12/31/2014,586.59
1/2/2015,589.12
1/5/2015,565.6
1/6/2015,558.19
1/7/2015,560.09
1/8/2015,572.44
1/9/2015,567.92
1/12/2015,552
1/13/2015,547.99
1/14/2015,548.68
1/15/2015,542.06
1/16/2015,559.36
1/20/2015,559.9
1/21/2015,570.15
1/22/2015,573.44
1/23/2015,568.28
1/26/2015,576.18
1/27/2015,575.18
1/28/2015,552.91
1/29/2015,553.86
1/30/2015,557.95
2/2/2015,574.68
2/3/2015,590.64
2/4/2015,581.12
2/5/2015,589.53
2/6/2015,587.98
2/9/2015,589.03
2/10/2015,587.89
2/11/2015,584.03
2/12/2015,591.84
2/13/2015,603.4
2/17/2015,604.28
2/18/2015,595.48
2/19/2015,590.83
2/20/2015,589.07
2/23/2015,586.6
2/24/2015,587.73
2/25/2015,590.18
2/26/2015,579.76
2/27/2015,577.51
3/2/2015,573.51
3/3/2015,574.81
3/4/2015,573.63
3/5/2015,570.08
3/6/2015,560.66
3/9/2015,556.79
3/10/2015,548.87
3/11/2015,549.97
3/12/2015,547.42
3/13/2015,544.87
3/16/2015,552.2
3/17/2015,549.32
3/18/2015,565.25
3/19/2015,555.68
3/20/2015,563.3
3/23/2015,562.3
3/24/2015,557.75
3/25/2015,564.55
3/26/2015,563.41
3/27/2015,559.23
3/30/2015,571
3/31/2015,565.76
4/1/2015,566.8
4/2/2015,567.79
4/6/2015,577.84
4/7/2015,579.62
4/8/2015,573.65
4/9/2015,582.43
4/10/2015,585.36
4/13/2015,580.43
4/14/2015,590.73
4/15/2015,604.34
4/16/2015,602.67
4/17/2015,597.81
4/20/2015,600.48
4/21/2015,594.4
4/22/2015,598.17
4/23/2015,601.86
4/24/2015,597.98
4/27/2015,597.61
4/28/2015,600.79
4/29/2015,605.07
4/30/2015,602.89
5/1/2015,604.75
5/4/2015,603.36
5/5/2015,596.72
5/6/2015,594.93
5/7/2015,588.39
5/8/2015,597.81
5/11/2015,585.57
5/12/2015,588.13
5/13/2015,586.32
5/14/2015,586.6
5/15/2015,587.93
5/18/2015,587.44
5/19/2015,580.21
5/20/2015,581.13
5/21/2015,586.02
5/22/2015,583.44
5/26/2015,574.21
5/27/2015,573.6
5/28/2015,571.77
5/29/2015,571.41
6/1/2015,570.14
6/2/2015,573
6/3/2015,569.26
6/4/2015,562.18
6/5/2015,565.88
6/8/2015,563.1
6/9/2015,562.82
6/10/2015,569.45
6/11/2015,567.19
6/12/2015,560.6
6/15/2015,558.88
6/16/2015,563.43
6/17/2015,562.62
6/18/2015,563
6/19/2015,558.01
6/22/2015,563.5
6/23/2015,565.27
6/24/2015,561.72
6/25/2015,555.98
6/26/2015,557.32
6/29/2015,547.54
6/30/2015,551.11
7/1/2015,543.91
7/2/2015,546.28
7/6/2015,539.38
7/7/2015,544.14
7/8/2015,533.49
7/9/2015,535.53
7/10/2015,538.25
7/13/2015,541.64
7/14/2015,546.16
7/15/2015,537.33
7/16/2015,537.62
7/17/2015,531.86
7/20/2015,525.01
7/21/2015,525.51
7/22/2015,522.13
7/23/2015,520.56
7/24/2015,510.24
7/27/2015,503.33
7/28/2015,518.36
7/29/2015,525
7/30/2015,521.6
7/31/2015,508.05
8/3/2015,497.85
8/4/2015,495.55
8/5/2015,491.84
8/6/2015,499.63
8/7/2015,490.35
8/10/2015,505.61
8/11/2015,504.66
8/12/2015,514.03
8/13/2015,507.11
8/14/2015,506.05
8/17/2015,505.81
8/18/2015,503.79
8/19/2015,489.75
8/20/2015,478.94
8/21/2015,462.29
8/24/2015,438.36
8/25/2015,432.4
8/26/2015,447.55
8/27/2015,469.53
8/28/2015,479.16
8/31/2015,484.21
9/1/2015,466.5
9/2/2015,470.8
9/3/2015,472.35
9/4/2015,464.18
9/8/2015,471.03
9/9/2015,461.89
9/10/2015,464.39
9/11/2015,460.95
9/14/2015,457.24
9/15/2015,462.23
9/16/2015,475.03
9/17/2015,474.86
9/18/2015,462.41
9/21/2015,465.06
9/22/2015,460.02
9/23/2015,453.71
9/24/2015,455.58
9/25/2015,456.85
9/28/2015,440.49
9/29/2015,440.55
9/30/2015,451.33
10/1/2015,451.58
10/2/2015,469.69
10/5/2015,483.09
10/6/2015,493.86
10/7/2015,500.41
10/8/2015,509.88
10/9/2015,506.18
10/12/2015,500.69
10/13/2015,496.2
10/14/2015,500.9
10/15/2015,509.05
10/16/2015,509.95
10/19/2015,500.12
10/20/2015,500.96
10/21/2015,495.77
10/22/2015,505.85
10/23/2015,504.85
10/26/2015,492.13
10/27/2015,486.44
10/28/2015,497.23
10/29/2015,498.71
10/30/2015,502.11
11/2/2015,514.36
11/3/2015,527.38
11/4/2015,521.87
11/5/2015,516.43
11/6/2015,514.21
11/9/2015,506.73
11/10/2015,508.03
11/11/2015,498.34
11/12/2015,486.41
11/13/2015,483.52
11/16/2015,499.26
11/17/2015,493.49
11/18/2015,501.42
11/19/2015,495
11/20/2015,489.86
11/23/2015,493.11
11/24/2015,503.9
11/25/2015,499.73
11/27/2015,496.34
11/30/2015,498.26
12/1/2015,501.81
12/2/2015,486.21
12/3/2015,476.43
12/4/2015,473.94
12/7/2015,456.56
12/8/2015,449.75
12/9/2015,455.74
12/10/2015,458.55
12/11/2015,443.14
12/14/2015,446.73
12/15/2015,459.45
12/16/2015,457.09
12/17/2015,445.74
12/18/2015,438.48
12/21/2015,438.68
12/22/2015,444.03
12/23/2015,462.88
12/24/2015,458.67
12/28/2015,450.45
12/29/2015,453.58
12/30/2015,446.93
12/31/2015,448.44
1/4/2016,447.75
1/5/2016,450.01
1/6/2016,433.71
1/7/2016,423.45
1/8/2016,417.77
1/11/2016,409.02
1/12/2016,410.55
1/13/2016,403.26
1/14/2016,421.3
1/15/2016,409.2
1/19/2016,400.32
1/20/2016,388.58
1/21/2016,399.79
1/22/2016,417.03
1/25/2016,398.19
1/26/2016,413.24
1/27/2016,410.61
1/28/2016,423.56
1/29/2016,434.67
2/1/2016,426.53
2/2/2016,412.63
2/3/2016,428.99
2/4/2016,428.83
2/5/2016,420.11
2/8/2016,420.39
2/9/2016,410
2/10/2016,407.95
2/11/2016,406.22
2/12/2016,416.7
2/16/2016,420.04
2/17/2016,432.3
2/18/2016,428.26
2/19/2016,426.77
2/22/2016,436.31
2/23/2016,422.28
2/24/2016,426.08
2/25/2016,426.87
2/26/2016,428.49
2/29/2016,423.54
3/1/2016,432.95
3/2/2016,443.56
3/3/2016,449.24
3/4/2016,453.31
3/7/2016,464.02
3/8/2016,444.86
3/9/2016,451.7
3/10/2016,451.81
3/11/2016,461.9
3/14/2016,459.05
3/15/2016,458.39
3/16/2016,465.75
3/17/2016,472.43
3/18/2016,473.35
3/21/2016,470.98
3/22/2016,469.44
3/23/2016,459.58
3/24/2016,461.84
3/28/2016,460.26
3/29/2016,461.87
3/30/2016,463.14
3/31/2016,462.41
4/1/2016,456
4/4/2016,453.67
4/5/2016,450.16
4/6/2016,459.62
4/7/2016,456.8
4/8/2016,466.03
4/11/2016,464.17
4/12/2016,477.34
4/13/2016,479.3
4/14/2016,481.31
4/15/2016,475.25
4/18/2016,482.79
4/19/2016,491.88
4/20/2016,495.84
4/21/2016,493.4
4/22/2016,499.96
4/25/2016,494.56
4/26/2016,501.47
4/27/2016,509.79
4/28/2016,502.92
4/29/2016,502.42
5/2/2016,502.57
5/3/2016,491.33
5/4/2016,484.94
5/5/2016,488.53
5/6/2016,487.59
5/9/2016,481.52
5/10/2016,489.96
5/11/2016,489.3
5/12/2016,491.27
5/13/2016,485.15
5/16/2016,492.84
5/17/2016,493.96
5/18/2016,489.21
5/19/2016,490.43
5/20/2016,492.5
5/23/2016,491.28
5/24/2016,493.74
5/25/2016,501.19
5/26/2016,499.14
5/27/2016,499.38
5/31/2016,496.54
6/1/2016,497.3
6/2/2016,495.71
6/3/2016,494.31
6/6/2016,504.16
6/7/2016,514.93
6/8/2016,513.89
6/9/2016,511.3
6/10/2016,501.15
6/13/2016,499.63
6/14/2016,499.38
6/15/2016,497.71
6/16/2016,496.65
6/17/2016,500.82
6/20/2016,505.1
6/21/2016,510.44
6/22/2016,507.41
6/23/2016,515.84
6/24/2016,497.72
6/27/2016,485.07
6/28/2016,497.86
6/29/2016,507.93
6/30/2016,512.39
7/1/2016,514.79
7/5/2016,505.04
7/6/2016,507.85
7/7/2016,502.53
7/8/2016,509.01
7/11/2016,509.84
7/12/2016,521.33
7/13/2016,517.63
7/14/2016,519.75
7/15/2016,519.62
7/18/2016,519.33
7/19/2016,516.63
7/20/2016,515.76
7/21/2016,511.11
7/22/2016,512.82
7/25/2016,502.6
7/26/2016,504.65
7/27/2016,499.44
7/28/2016,498.63
7/29/2016,502.23
8/1/2016,485.5
8/2/2016,489.84
8/3/2016,498.47
8/4/2016,497.71
8/5/2016,501.92
8/8/2016,508.05
8/9/2016,505.52
8/10/2016,498.38
8/11/2016,504.87
8/12/2016,508.16
8/15/2016,511.14
8/16/2016,512.22
8/17/2016,513.29
8/18/2016,522.44
8/19/2016,518.15
8/22/2016,513.59
8/23/2016,515.85
8/24/2016,514.46
8/25/2016,512.96
8/26/2016,511.22
8/29/2016,514.62
8/30/2016,512.47
8/31/2016,505.45
9/1/2016,504.11
9/2/2016,508.35
9/6/2016,516.07
9/7/2016,517.78
9/8/2016,526.42
9/9/2016,511.68
9/12/2016,516.18
9/13/2016,501.41
9/14/2016,495.65
9/15/2016,501.07
9/16/2016,496.79
9/19/2016,496.19
9/20/2016,492.1
9/21/2016,502.53
9/22/2016,503.62
9/23/2016,497.27
9/26/2016,495
9/27/2016,492.72
9/28/2016,514.12
9/29/2016,513.68
9/30/2016,520.35
10/3/2016,519.53
10/4/2016,514.55
10/5/2016,521.79
10/6/2016,522.67
10/7/2016,520.28
10/10/2016,528.11
10/11/2016,521.96
10/12/2016,519.82
10/13/2016,516.39
10/14/2016,514.27
10/17/2016,512
10/18/2016,513.9
10/19/2016,520.89
10/20/2016,520.41
10/21/2016,516.84
10/24/2016,516.01
10/25/2016,513.29
10/26/2016,514.75
10/27/2016,513.05
10/28/2016,510.77
10/31/2016,504.89
11/1/2016,505.37
11/2/2016,500.26
11/3/2016,502.11
11/4/2016,499.68
11/7/2016,510.58
11/8/2016,510.49
11/9/2016,518.23
11/10/2016,519.83
11/11/2016,511.21
11/14/2016,513
11/15/2016,526.77
11/16/2016,522.16
11/17/2016,518.63
11/18/2016,521.02
11/21/2016,532.48
11/22/2016,532.41
11/23/2016,534.79
11/25/2016,532.69
11/28/2016,525.71
11/29/2016,519.64
11/30/2016,544.67
12/1/2016,546.15
12/2/2016,546.74
12/5/2016,550.67
12/6/2016,550.11
12/7/2016,553.78
12/8/2016,556.42
12/9/2016,558.71
12/12/2016,562.73
12/13/2016,569.85
12/14/2016,557.75
12/15/2016,560.03
12/16/2016,563.18
12/19/2016,560.42
12/20/2016,559.24
12/21/2016,560.15
12/22/2016,562.68
12/23/2016,561.56
12/27/2016,562.88
12/28/2016,557.38
12/29/2016,556.03
12/30/2016,554.5
1/3/2017,560.9
1/4/2017,559.3
1/5/2017,557.48
1/6/2017,557.57
1/9/2017,549.33
1/10/2017,544.11
1/11/2017,550.65
1/12/2017,548
1/13/2017,546.96
1/17/2017,550.39
1/18/2017,548.53
1/19/2017,544.55
1/20/2017,547.41
1/23/2017,541.29
1/24/2017,546.61
1/25/2017,549.68
1/26/2017,549.61
1/27/2017,544.42
1/30/2017,534.86
1/31/2017,534.34
2/1/2017,530.33
2/2/2017,533.45
2/3/2017,538.04
2/6/2017,533.27
2/7/2017,525.95
2/8/2017,525.58
2/9/2017,530.46
2/10/2017,534.42
2/13/2017,534.57
2/14/2017,535.25
2/15/2017,533.36
2/16/2017,526.07
2/17/2017,523.3
2/21/2017,526.88
2/22/2017,518.55
2/23/2017,521.17
2/24/2017,516.53
2/27/2017,521.01
2/28/2017,519.74
3/1/2017,530.4
3/2/2017,525.9
3/3/2017,523.98
3/6/2017,525.53
3/7/2017,520.78
3/8/2017,507.54
3/9/2017,510.54
3/10/2017,510.15
3/13/2017,510.37
3/14/2017,504.73
3/15/2017,515.23
3/16/2017,512.24
3/17/2017,511.82
3/20/2017,511.18
3/21/2017,507.58
3/22/2017,507.05
3/23/2017,505.24
3/24/2017,502.92
3/27/2017,500.87
3/28/2017,507.32
3/29/2017,513.51
3/30/2017,515.92
3/31/2017,514.01
4/3/2017,513.13
4/4/2017,516.78
4/5/2017,515.04
4/6/2017,519.14
4/7/2017,517.13
4/10/2017,521.12
4/11/2017,520.68
4/12/2017,518.9
4/13/2017,509.4
4/17/2017,510.38
4/18/2017,505.94
4/19/2017,498.72
4/20/2017,500.67
4/21/2017,498.53
4/24/2017,501.23
4/25/2017,505.94
4/26/2017,503.91
4/27/2017,498.31
4/28/2017,498.95
5/1/2017,497.84
5/2/2017,495.37
5/3/2017,496.99
5/4/2017,487.54
5/5/2017,495.45
5/8/2017,498.95
5/9/2017,494.67
5/10/2017,499.94
5/11/2017,498.94
5/12/2017,497.35
5/15/2017,500.45
5/16/2017,498.24
5/17/2017,492.61
5/18/2017,492.05
5/19/2017,498.15
5/22/2017,497.31
5/23/2017,498.13
5/24/2017,495.96
5/25/2017,487.09
5/26/2017,487.49
5/30/2017,481.11
5/31/2017,479.19
6/1/2017,482.37
6/2/2017,476.67
6/5/2017,477.46
6/6/2017,483.2
6/7/2017,476.05
6/8/2017,474.73
6/9/2017,486.49
6/12/2017,489.77
6/13/2017,493.02
6/14/2017,483.99
6/15/2017,480.7
6/16/2017,488.95
6/19/2017,485.6
6/20/2017,479.55
6/21/2017,471.88
6/22/2017,471.28
6/23/2017,474.83
6/26/2017,473.69
6/27/2017,472.88
6/28/2017,475.57
6/29/2017,476.16
6/30/2017,477.91
7/3/2017,487.49
7/5/2017,477.67
7/6/2017,472.4
7/7/2017,471.95
7/10/2017,473.2
7/11/2017,475.69
7/12/2017,477.09
7/13/2017,479.19
7/14/2017,481.78
7/17/2017,481.13
7/18/2017,478.78
7/19/2017,485.46
7/20/2017,483.72
7/21/2017,479.45
7/24/2017,478.03
7/25/2017,484.07
7/26/2017,484.56
7/27/2017,489.38
7/28/2017,488.44
7/31/2017,489.57
8/1/2017,489.87
8/2/2017,488.33
8/3/2017,481.77
8/4/2017,483.44
8/7/2017,479.27
8/8/2017,478.67
8/9/2017,479.23
8/10/2017,472.82
8/11/2017,469.55
8/14/2017,468.29
8/15/2017,466.44
8/16/2017,461.18
8/17/2017,454.52
8/18/2017,457.09
8/21/2017,454.57
8/22/2017,457.72
8/23/2017,459.47
8/24/2017,459.39
8/25/2017,461.78
8/28/2017,459.61
8/29/2017,459.06
8/30/2017,459.21
8/31/2017,461.61
9/1/2017,465.36
9/5/2017,467.98
9/6/2017,475.65
9/7/2017,476.48
9/8/2017,471.43
9/11/2017,476.23
9/12/2017,478.7
9/13/2017,484.63
9/14/2017,486.5
9/15/2017,487.76
9/18/2017,489.89
9/19/2017,491.73
9/20/2017,495.11
9/21/2017,494.78
9/22/2017,497.41
9/25/2017,504.74
9/26/2017,503.77
9/27/2017,506.17
9/28/2017,506.93
9/29/2017,506.72
10/2/2017,506.63
10/3/2017,506.21
10/4/2017,505.89
10/5/2017,507.94
10/6/2017,503.79
10/9/2017,505.05
10/10/2017,505.57
10/11/2017,506.78
10/12/2017,504.87
10/13/2017,504.51
10/16/2017,505.61
10/17/2017,506.03
10/18/2017,502.5
10/19/2017,500.93
10/20/2017,502.26
10/23/2017,499.32
10/24/2017,500.67
10/25/2017,497.25
10/26/2017,498.46
10/27/2017,499.45
10/30/2017,501.26
10/31/2017,503.07
11/1/2017,508.54
11/2/2017,506.96
11/3/2017,508.14
11/6/2017,519.33
11/7/2017,518.41
11/8/2017,516.35
11/9/2017,517.84
11/10/2017,513.67
11/13/2017,510.88
11/14/2017,503
11/15/2017,497.09
11/16/2017,494.2
11/17/2017,496.33
11/20/2017,495.3
11/21/2017,496.41
11/22/2017,498.58
11/24/2017,499.94
11/27/2017,494.8
11/28/2017,498.87
11/29/2017,501.51
11/30/2017,509.28
12/1/2017,513.33
12/4/2017,513.18
12/5/2017,510.46
12/6/2017,503.88
12/7/2017,505.47
12/8/2017,509.77
12/11/2017,513.4
12/12/2017,511.74
12/13/2017,511.04
12/14/2017,509.38
12/15/2017,509.24
12/18/2017,512.76
12/19/2017,513.32
12/20/2017,520.38
12/21/2017,531.21
12/22/2017,532.36
12/26/2017,536.75
12/27/2017,535.03
12/28/2017,535.52
12/29/2017,533.41
1/2/2018,542.93
1/3/2018,551.22
1/4/2018,554.51
1/5/2018,554.41
1/8/2018,557.64
1/9/2018,555.87
1/10/2018,555.32
1/11/2018,566.56
1/12/2018,572.02
1/16/2018,564.96
1/17/2018,569.78
1/18/2018,565.24
1/19/2018,564.66
1/22/2018,576.52
1/23/2018,575.64
1/24/2018,574.21
1/25/2018,569.76
1/26/2018,573.24
1/29/2018,564.37
1/30/2018,552.97
1/31/2018,553.45
2/1/2018,559.54
2/2/2018,536.43
2/5/2018,513.07
2/6/2018,516.52
2/7/2018,507.9
2/8/2018,492.78
2/9/2018,491.04
2/12/2018,499.15
2/13/2018,496.92
2/14/2018,503.89
2/15/2018,501.76
2/16/2018,500.52
2/20/2018,497.69
2/21/2018,489.44
2/22/2018,494.73
2/23/2018,505.59
2/26/2018,508.91
2/27/2018,502.15
2/28/2018,490.67
3/1/2018,489.87
3/2/2018,491.86
3/5/2018,497.11
3/6/2018,497.31
3/7/2018,493.18
3/8/2018,492.6
3/9/2018,502.18
3/12/2018,501.89
3/13/2018,498.27
3/14/2018,495.04
3/15/2018,492.95
3/16/2018,497.93
3/19/2018,489.5
3/20/2018,493.61
3/21/2018,506.58
3/22/2018,496.27
3/23/2018,493.31
3/26/2018,502.07
3/27/2018,497.67
3/28/2018,487.78
3/29/2018,498.29
4/2/2018,488.35
4/3/2018,498.79
4/4/2018,498.1
4/5/2018,507.14
4/6/2018,497.8
4/9/2018,500.13
4/10/2018,516.73
4/11/2018,522.11
4/12/2018,522.08
4/13/2018,527.75
4/16/2018,533.1
4/17/2018,535.23
4/18/2018,543.5
4/19/2018,544.26
4/20/2018,541.48
4/23/2018,544.78
4/24/2018,538.93
4/25/2018,543.32
4/26/2018,551.49
4/27/2018,544.78
4/30/2018,544.56
5/1/2018,541.54
5/2/2018,543.68
5/3/2018,542.41
5/4/2018,544.84
5/7/2018,545.84
5/8/2018,550.1
5/9/2018,561.29
5/10/2018,565.87
5/11/2018,565.28
5/14/2018,568.85
5/15/2018,568.92
5/16/2018,571.02
5/17/2018,578.51
5/18/2018,573.85
5/21/2018,579.4
5/22/2018,571.99
5/23/2018,571.98
5/24/2018,562.44
5/25/2018,547.77
5/29/2018,546.01
5/30/2018,563.01
5/31/2018,558.35
6/1/2018,561.37
6/4/2018,556.21
6/5/2018,554.3
6/6/2018,557.43
6/7/2018,566.26
6/8/2018,565.02
6/11/2018,567.05
6/12/2018,562.79
6/13/2018,560.5
6/14/2018,559.3
6/15/2018,547.51
6/18/2018,553.66
6/19/2018,552.17
6/20/2018,554.52
6/21/2018,543.84
6/22/2018,555.82
6/25/2018,543.6
6/26/2018,551.2
6/27/2018,558.58
6/28/2018,557.93
6/29/2018,561.54
7/2/2018,552.86
7/3/2018,556.84
7/5/2018,555.97
7/6/2018,559.67
7/9/2018,567.93
7/10/2018,572.13
7/11/2018,559.84
7/12/2018,560.96
7/13/2018,564.08
7/16/2018,557.42
7/17/2018,555.3
7/18/2018,555.47
7/19/2018,555.37
7/20/2018,553.41
7/23/2018,551.23
7/24/2018,558.48
7/25/2018,563.52
7/26/2018,569.12
7/27/2018,566.22
7/30/2018,570.98
7/31/2018,569.16
8/1/2018,561.58
8/2/2018,558.66
8/3/2018,556.06
8/6/2018,557.93
8/7/2018,561.93
8/8/2018,557.65
8/9/2018,552.7
8/10/2018,554.18
8/13/2018,547.44
8/14/2018,548.87
8/15/2018,529.59
8/16/2018,532.85
8/17/2018,534.27
8/20/2018,537.8
8/21/2018,540.46
8/22/2018,546.93
8/23/2018,544.07
8/24/2018,548.4
8/27/2018,552.44
8/28/2018,549.94
8/29/2018,553.39
8/30/2018,551.63
8/31/2018,547.58
9/4/2018,546.02
9/5/2018,545.58
9/6/2018,535.06
9/7/2018,534.93
9/10/2018,534.83
9/11/2018,540.06
9/12/2018,542.82
9/13/2018,542.83
9/14/2018,545.87
9/17/2018,546.77
9/18/2018,550.58
9/19/2018,552.68
9/20/2018,552.36
9/21/2018,556.34
9/24/2018,564.51
9/25/2018,567.74
9/26/2018,562.11
9/27/2018,562.37
9/28/2018,560.91
10/1/2018,569.13
10/2/2018,569.86
10/3/2018,574.55
10/4/2018,571.61
10/5/2018,571.36
10/8/2018,571.09
10/9/2018,576.72
10/10/2018,556.04
10/11/2018,538.87
10/12/2018,540.51
10/15/2018,536.08
10/16/2018,540.77
10/17/2018,537.01
10/18/2018,534.41
10/19/2018,530.02
10/22/2018,524.19
10/23/2018,510.17
10/24/2018,490.83
10/25/2018,496.47
10/26/2018,492.59
10/29/2018,483.31
10/30/2018,494.41
10/31/2018,497.37
11/1/2018,501.52
11/2/2018,500.99
11/5/2018,509.06
11/6/2018,510.77
11/7/2018,519
11/8/2018,507.56
11/9/2018,505.68
11/12/2018,494.86
11/13/2018,483.03
11/14/2018,482.52
11/15/2018,489.65
11/16/2018,495.03
11/19/2018,494.55
11/20/2018,478.27
11/21/2018,485.82
11/23/2018,469.96
11/26/2018,478.03
11/27/2018,476.45
11/28/2018,484.76
11/29/2018,487.6
11/30/2018,486.42
12/3/2018,497.52
12/4/2018,482.93
12/6/2018,474.39
12/7/2018,471.34
12/10/2018,463.72
12/11/2018,463.86
12/12/2018,465.37
12/13/2018,467.05
12/14/2018,455.93
12/17/2018,447.46
12/18/2018,436.96
12/19/2018,431.5
12/20/2018,419.45
12/21/2018,415.06
12/24/2018,398.39
12/26/2018,423.26
12/27/2018,425.97
12/28/2018,422.16
12/31/2018,424.07
1/2/2019,432.85
1/3/2019,428.07
1/4/2019,443.41
1/7/2019,449.14
1/8/2019,452.87
1/9/2019,459.67
1/10/2019,461.17
1/11/2019,458.28
1/14/2019,457.43
1/15/2019,458.8
1/16/2019,458.1
1/17/2019,462.58
1/18/2019,471.53
1/22/2019,461.15
1/23/2019,456.54
1/24/2019,459.26
1/25/2019,464.69
1/28/2019,459.9
1/29/2019,461.36
1/30/2019,467.49
1/31/2019,470.81
2/1/2019,479.44
2/4/2019,480.26
2/5/2019,481.05
2/6/2019,477.37
2/7/2019,467.21
2/8/2019,463.84
2/11/2019,465.97
2/12/2019,471.49
2/13/2019,477.57
2/14/2019,478.3
2/15/2019,485.89
2/19/2019,487.3
2/20/2019,489.38
2/21/2019,481.81
2/22/2019,483.41
2/25/2019,484.13
2/26/2019,482.79
2/27/2019,484.65
2/28/2019,479.94
3/1/2019,488.65
3/4/2019,489.64
3/5/2019,488.11
3/6/2019,481.88
3/7/2019,479.13
3/8/2019,469.77
3/11/2019,476.99
3/12/2019,479.75
3/13/2019,484.96
3/14/2019,485.24
3/15/2019,484.84
3/18/2019,491.57
3/19/2019,490.15
3/20/2019,494.51
3/21/2019,497.92
3/22/2019,484.86
3/25/2019,484.83
3/26/2019,491.84
3/27/2019,488.39
3/28/2019,490.21
3/29/2019,489.45
4/1/2019,496.14
4/2/2019,492.66
4/3/2019,487.93
4/4/2019,492.11
4/5/2019,500.45
4/8/2019,502.9
4/9/2019,496.42
4/10/2019,498.51
4/11/2019,498.68
4/12/2019,499.6
4/15/2019,496.76
4/16/2019,499.94
4/17/2019,499.51
4/18/2019,496.88
4/22/2019,507.08
4/23/2019,507.26
4/24/2019,497.89
4/25/2019,496.5
4/26/2019,490.47
4/29/2019,489.24
4/30/2019,489.38
5/1/2019,478.74
5/2/2019,470.54
5/3/2019,474.5
5/6/2019,474.19
5/7/2019,471.23
5/8/2019,470.95
5/9/2019,471.27
5/10/2019,471.66
5/13/2019,464.19
5/14/2019,469.26
5/15/2019,471.42
5/16/2019,473.19
5/17/2019,468.23
5/20/2019,468.55
5/21/2019,473.58
5/22/2019,466.1
5/23/2019,451.53
5/24/2019,452.22
5/28/2019,447.24
5/29/2019,444.45
5/30/2019,439.19
5/31/2019,432.1
6/3/2019,438.01
6/4/2019,445.06
6/5/2019,440.25
6/6/2019,447.85
6/7/2019,449.69
6/10/2019,451.19
6/11/2019,451.75
6/12/2019,445.26
6/13/2019,450.81
6/14/2019,447.48
6/17/2019,451.55
6/18/2019,457.67
6/19/2019,456.65
6/20/2019,466.74
6/21/2019,470.57
6/24/2019,466.21
6/25/2019,462.36
6/26/2019,469.46
6/27/2019,465.73
6/28/2019,471.28
7/1/2019,471.74
7/2/2019,463.54
7/3/2019,466.33
7/5/2019,466.84
7/8/2019,467.3
7/9/2019,467.7
7/10/2019,474.26
7/11/2019,475.13
7/12/2019,476.89
7/15/2019,472.47
7/16/2019,467.15
7/17/2019,461.79
7/18/2019,461.75
7/19/2019,464.01
7/22/2019,466.07
7/23/2019,467.32
7/24/2019,469.21
7/25/2019,463.77
7/26/2019,461.46
7/29/2019,459.92
7/30/2019,464.95
7/31/2019,462.47
8/1/2019,451.93
8/2/2019,445.85
8/5/2019,432.63
8/6/2019,432.35
8/7/2019,429.08
8/8/2019,441.49
8/9/2019,435.96
8/12/2019,429.79
8/13/2019,434.15
8/14/2019,416.27
8/15/2019,414.12
8/16/2019,419.03
8/19/2019,428.01
8/20/2019,423.89
8/21/2019,427.08
8/22/2019,425.02
8/23/2019,410.68
8/26/2019,412.53
8/27/2019,409.96
8/28/2019,415.71
8/29/2019,421.74
8/30/2019,422.09
9/3/2019,419.76
9/4/2019,425.6
9/5/2019,431.01
9/6/2019,433.24
9/9/2019,441.27
9/10/2019,446.98
9/11/2019,447.08
9/12/2019,444.25
9/13/2019,447.81
9/16/2019,462.55
9/17/2019,455.54
9/18/2019,453.64
9/19/2019,451.89
9/20/2019,452.25
9/23/2019,452.76
9/24/2019,445.38
9/25/2019,446.4
9/26/2019,440.45
9/27/2019,440.45
9/30/2019,437.13
10/1/2019,427.07
10/2/2019,415.93
10/3/2019,421.16
10/4/2019,423.76
10/7/2019,419.86
10/8/2019,412.37
10/9/2019,416.77
10/10/2019,422.11
10/11/2019,428.04
10/14/2019,427.54
10/15/2019,429.22
10/16/2019,422.81
10/17/2019,422.97
10/18/2019,420.67
10/21/2019,428.49
10/22/2019,434.1
10/23/2019,437.36
10/24/2019,435.5
10/25/2019,438.87
10/28/2019,436.14
10/29/2019,437.97
10/30/2019,428.68
10/31/2019,426.66
11/1/2019,437.36
11/4/2019,451.12
11/5/2019,453.17
11/6/2019,442.79
11/7/2019,449.78
11/8/2019,446.13
11/11/2019,443.65
11/12/2019,441.05
11/13/2019,438.79
11/14/2019,437.5
11/15/2019,440.43
11/18/2019,434.57
11/19/2019,428.17
11/20/2019,432.61
11/21/2019,439.68
11/22/2019,438.15
11/25/2019,438.86
11/26/2019,434.42
11/27/2019,435.78
11/29/2019,431.37
12/2/2019,431.49
12/3/2019,424.81
12/4/2019,431.48
12/5/2019,429.34
12/6/2019,437.91
12/9/2019,436.83
12/10/2019,437.49
12/11/2019,436.81
12/12/2019,445.4
12/13/2019,441.35
12/16/2019,447.64
12/17/2019,447.47
12/18/2019,448.83
12/19/2019,448.55
12/20/2019,452.48
12/23/2019,457.28
12/24/2019,457.06
12/26/2019,457.11
12/27/2019,454.96
12/30/2019,453.39
12/31/2019,456.46
1/2/2020,460.34
1/3/2020,458.77
1/6/2020,462.34
1/7/2020,461.39
1/8/2020,453.36
1/9/2020,456.79
1/10/2020,453.87
1/13/2020,454.25
1/14/2020,454.26
1/15/2020,451.21
1/16/2020,451.74
1/17/2020,448.77
1/21/2020,440.32
1/22/2020,436.39
1/23/2020,434.81
1/24/2020,429.71
1/27/2020,417.87
1/28/2020,419.59
1/29/2020,415.12
1/30/2020,418.79
1/31/2020,405.45
2/3/2020,400.02
2/4/2020,400.81
2/5/2020,415.97
2/6/2020,411.64
2/7/2020,408.55
2/10/2020,405.24
2/11/2020,409.47
2/12/2020,415.03
2/13/2020,413.15
2/14/2020,409.82
2/18/2020,406.42
2/19/2020,411.79
2/20/2020,411.11
2/21/2020,405.93
2/24/2020,386.7
2/25/2020,369.92
2/26/2020,358.94
2/27/2020,339.3
2/28/2020,343.53
3/2/2020,353.68
3/3/2020,342.64
3/4/2020,350.25
3/5/2020,337.59
3/6/2020,318.64
3/9/2020,254.65
3/10/2020,267.37
3/11/2020,252.77
3/12/2020,221.69
3/13/2020,241.29
3/16/2020,208.41
3/17/2020,209.92
3/18/2020,179.94
3/19/2020,192.08
3/20/2020,193.93
3/23/2020,181.03
3/24/2020,210.56
3/25/2020,220.02
3/26/2020,233.76
3/27/2020,217.56
3/30/2020,219.81
3/31/2020,223.4
4/1/2020,213.04
4/2/2020,232.37
4/3/2020,229.26
4/6/2020,241.07
4/7/2020,245.9
4/8/2020,262.46
4/9/2020,259.63
4/13/2020,258.57
4/14/2020,257.37
4/15/2020,245.34
4/16/2020,235.59
4/17/2020,260.17
4/20/2020,251.6
4/21/2020,247.38
4/22/2020,256.24
4/23/2020,263.96
4/24/2020,264.51
4/27/2020,270.07
4/28/2020,275.99
4/29/2020,296.28
4/30/2020,289.65
5/1/2020,272.28
5/4/2020,282.38
5/5/2020,283.12
5/6/2020,275.67
5/7/2020,282.49
5/8/2020,294.75
5/11/2020,289.78
5/12/2020,282.93
5/13/2020,270.52
5/14/2020,273.07
5/15/2020,272.31
5/18/2020,292.87
5/19/2020,284.4
5/20/2020,295.26
5/21/2020,290.88
5/22/2020,288.94
5/26/2020,297.34
5/27/2020,300.79
5/28/2020,292.04
5/29/2020,291.59
6/1/2020,296.5
6/2/2020,304.37
6/3/2020,313.65
6/4/2020,313.17
6/5/2020,336.52
6/8/2020,351.06
6/9/2020,338.46
6/10/2020,321.81
6/11/2020,291.39
6/12/2020,299.28
6/15/2020,299.54
6/16/2020,307.99
6/17/2020,297.89
6/18/2020,301.45
6/19/2020,296.4
6/22/2020,298.27
6/23/2020,298.5
6/24/2020,281.97
6/25/2020,287.39
6/26/2020,277.3
6/29/2020,281.26
6/30/2020,287.46
7/1/2020,280.3
7/2/2020,283.46
7/6/2020,284.51
7/7/2020,275.46
7/8/2020,275.17
7/9/2020,261.81
7/10/2020,270.32
7/13/2020,268.87
7/14/2020,278.56
7/15/2020,284.02
7/16/2020,282.57
7/17/2020,278.27
7/20/2020,273.46
7/21/2020,290.28
7/22/2020,286.39
7/23/2020,285.79
7/24/2020,284.11
7/27/2020,284.71
7/28/2020,279.73
7/29/2020,285.7
7/30/2020,273.99
7/31/2020,272.09
8/3/2020,272.81
8/4/2020,279.51
8/5/2020,282.46
8/6/2020,280.45
8/7/2020,280.59
8/10/2020,289.24
8/11/2020,288.55
8/12/2020,290.07
8/13/2020,284.31
8/14/2020,286.99
8/17/2020,285.18
8/18/2020,280.29
8/19/2020,277.05
8/20/2020,271.15
8/21/2020,269.45
8/24/2020,276.87
8/25/2020,272.94
8/26/2020,266.85
8/27/2020,267.52
8/28/2020,272.48
8/31/2020,266.5
9/1/2020,264.05
9/2/2020,262.95
9/3/2020,261.18
9/4/2020,260.32
9/8/2020,250.67
9/9/2020,252.21
9/10/2020,242.96
9/11/2020,243.58
9/14/2020,245.09
9/15/2020,243.22
9/16/2020,253.06
9/17/2020,253.58
9/18/2020,250.65
9/21/2020,242.45
9/22/2020,239.96
9/23/2020,229.05
9/24/2020,229.24
9/25/2020,229.09
9/28/2020,234.42
9/29/2020,228.03
9/30/2020,227.49
10/1/2020,220.36
10/2/2020,222.55
10/5/2020,229.05
10/6/2020,225.56
10/7/2020,228.82
10/8/2020,237.46
10/9/2020,233.68
10/12/2020,234.41
10/13/2020,230.76
10/14/2020,231.47
10/15/2020,234.18
10/16/2020,228.78
10/19/2020,223.97
10/20/2020,226.51
10/21/2020,222.01
10/22/2020,231.24
10/23/2020,229.96
10/26/2020,221.99
10/27/2020,218.92
10/28/2020,209.69
10/29/2020,216.41
10/30/2020,216.82
11/2/2020,224.77
11/3/2020,223.09
11/4/2020,223.45
11/5/2020,223.36
11/6/2020,218.58
11/9/2020,249.67
11/10/2020,255.97
11/11/2020,253.82
11/12/2020,245.21
11/13/2020,254.55
11/16/2020,271.09
11/17/2020,272.44
11/18/2020,264.6
11/19/2020,268.65
11/20/2020,267.24
11/23/2020,286.18
11/24/2020,300.95
11/25/2020,293.66
11/27/2020,289.99
11/30/2020,274.42
12/1/2020,275.62
12/2/2020,284.3
12/3/2020,287.34
12/4/2020,302.94
12/7/2020,295.55
12/8/2020,300.19
12/9/2020,301.14
12/10/2020,309.95
12/11/2020,306.38
12/14/2020,295.55
12/15/2020,301.23
12/16/2020,300.04
12/17/2020,298.33
12/18/2020,293.33
12/21/2020,288.06
12/22/2020,283.04
12/23/2020,289.2
12/24/2020,287.38
12/28/2020,285.82
12/29/2020,283.93
12/30/2020,288.48
12/31/2020,286.14
1/4/2021,286.5
1/5/2021,299.49
1/6/2021,308.45
1/7/2021,313.06
1/8/2021,312.78
1/11/2021,317.86
1/12/2021,328.98
1/13/2021,326.33
1/14/2021,336.14
1/15/2021,322.58
1/19/2021,329.3
1/20/2021,330.47
1/21/2021,319.12
1/22/2021,317.54
1/25/2021,314.17
1/26/2021,307.5
1/27/2021,303.22
1/28/2021,306.92
1/29/2021,296.52
2/1/2021,298.59
2/2/2021,301.85
2/3/2021,314.75
2/4/2021,318.16
2/5/2021,321.1
2/8/2021,334.5
2/9/2021,329.41
2/10/2021,335.48
2/11/2021,330.36
2/12/2021,334.99
2/16/2021,342.57
2/17/2021,347.55
2/18/2021,339.66
2/19/2021,345.23
2/22/2021,357.22
2/23/2021,362.97
2/24/2021,376.2
2/25/2021,368.66
2/26/2021,360.19
3/1/2021,369.47
3/2/2021,367.31
3/3/2021,372.55
3/4/2021,381.76
3/5/2021,396.54
3/8/2021,397.13
3/9/2021,389.54
3/10/2021,399.8
3/11/2021,400.11
3/12/2021,400.82
3/15/2021,395.81
3/16/2021,384.62
3/17/2021,388.23
3/18/2021,370.06
3/19/2021,370.11
3/22/2021,366.39
3/23/2021,361.4
3/24/2021,370.51
3/25/2021,371.44
3/26/2021,381.18
3/29/2021,376.37
3/30/2021,373.35
3/31/2021,369.89
4/1/2021,379.71
4/5/2021,370.57
4/6/2021,369.6
4/7/2021,371.23
4/8/2021,366.17
4/9/2021,364.35
4/12/2021,360.91
4/13/2021,361.26
4/14/2021,371.78
4/15/2021,368.5
4/16/2021,365.19
4/19/2021,364.98
4/20/2021,355.26
4/21/2021,360.5
4/22/2021,355.42
4/23/2021,358.74
4/26/2021,361.03
4/27/2021,365.57
4/28/2021,377.8
4/29/2021,381.98
4/30/2021,371.6
5/3/2021,382.43
5/4/2021,382.51
5/5/2021,395.24
5/6/2021,397.15
5/7/2021,404.65
5/10/2021,404.45
5/11/2021,394.09
5/12/2021,394.33
5/13/2021,389.01
5/14/2021,401.29
5/17/2021,410.53
5/18/2021,399.72
5/19/2021,389.63
5/20/2021,389.17
5/21/2021,389.91
5/24/2021,393.76
5/25/2021,385.73
5/26/2021,389.32
5/27/2021,389.54
5/28/2021,389.82
6/1/2021,405.14
6/2/2021,412.19
6/3/2021,413.47
6/4/2021,415.85
6/7/2021,414.25
6/8/2021,417.89
6/9/2021,415.56
6/10/2021,415.02
6/11/2021,413.47
6/14/2021,411.85
6/15/2021,420.34
6/16/2021,418.31
6/17/2021,403.71
6/18/2021,391.92
6/21/2021,408.73
6/22/2021,411.46
6/23/2021,412.55
6/24/2021,416.07
6/25/2021,418.03
6/28/2021,404.13
6/29/2021,402.1
6/30/2021,407.37
7/1/2021,414.36
7/2/2021,413.52
7/6/2021,400.28
7/7/2021,393.37
7/8/2021,391.55
7/9/2021,399.42
7/12/2021,398.98
7/13/2021,396.15
7/14/2021,384.51
7/15/2021,379.08
7/16/2021,368.6
7/19/2021,355.36
7/20/2021,360.26
7/21/2021,372.98
7/22/2021,368.77
7/23/2021,367.17
7/26/2021,376.34
7/27/2021,372.54
7/28/2021,376.15
7/29/2021,379.67
7/30/2021,372.99
8/2/2021,370.33
8/3/2021,377.11
8/4/2021,366.06
8/5/2021,370.75
8/6/2021,374.19
8/9/2021,368.66
8/10/2021,375
8/11/2021,377.82
8/12/2021,375.97
8/13/2021,371.14
8/16/2021,364.35
8/17/2021,361
8/18/2021,352.34
8/19/2021,342.99
8/20/2021,343.95
8/23/2021,356.92
8/24/2021,362.68
8/25/2021,365.28
8/26/2021,359.77
8/27/2021,369.21
8/30/2021,364.92
8/31/2021,362.26
9/1/2021,356.8
9/2/2021,365.82
9/3/2021,363.88
9/7/2021,361.8
9/8/2021,357.11
9/9/2021,357.55
9/10/2021,357.39
9/13/2021,367.9
9/14/2021,362.2
9/15/2021,376.02
9/16/2021,372.04
9/17/2021,369.23
9/20/2021,358
9/21/2021,359.34
9/22/2021,370.71
9/23/2021,383.35
9/24/2021,386.57