date;clean_energy;energy
31/08/2011;842.65;506.52
1/09/2011;824.99;502.12
2/09/2011;791.99;489.40
5/09/2011;776.69;
6/09/2011;755.55;483.84
7/09/2011;773.66;501.50
8/09/2011;759.44;495.38
9/09/2011;719.21;479.28
12/09/2011;704.91;481.82
13/09/2011;710.41;483.01
14/09/2011;722.09;489.21
15/09/2011;720.46;499.00
16/09/2011;708.14;498.61
19/09/2011;680.60;491.32
20/09/2011;661.78;488.29
21/09/2011;643.75;468.86
22/09/2011;604.95;444.02
23/09/2011;613.84;440.57
26/09/2011;615.85;456.24
27/09/2011;633.19;463.12
28/09/2011;611.35;449.20
29/09/2011;610.09;455.47
30/09/2011;591.40;442.79
3/10/2011;556.35;428.25
4/10/2011;562.97;441.75
5/10/2011;581.53;456.50
6/10/2011;614.39;463.77
7/10/2011;593.84;458.10
10/10/2011;610.01;478.54
11/10/2011;602.18;478.77
12/10/2011;615.41;482.46
13/10/2011;616.34;480.97
14/10/2011;624.33;498.17
17/10/2011;603.13;489.74
18/10/2011;610.20;504.50
19/10/2011;599.84;499.85
20/10/2011;598.67;503.17
21/10/2011;599.23;512.36
24/10/2011;623.16;518.25
25/10/2011;608.12;507.86
26/10/2011;614.02;519.27
27/10/2011;658.93;539.32
28/10/2011;662.63;541.85
31/10/2011;622.28;517.85
1/11/2011;594.27;501.74
2/11/2011;602.40;516.05
3/11/2011;602.32;528.90
4/11/2011;607.15;528.15
7/11/2011;609.70;531.96
8/11/2011;604.84;539.15
9/11/2011;588.81;516.19
10/11/2011;580.38;525.25
11/11/2011;597.43;534.89
14/11/2011;589.54;528.40
15/11/2011;580.71;527.60
16/11/2011;577.89;519.55
17/11/2011;572.88;508.53
18/11/2011;567.64;506.09
21/11/2011;551.39;497.56
22/11/2011;552.59;492.81
23/11/2011;542.44;478.52
24/11/2011;543.37;
25/11/2011;536.29;474.51
28/11/2011;553.82;491.48
29/11/2011;553.46;498.99
30/11/2011;580.86;526.41
1/12/2011;583.01;522.76
2/12/2011;580.11;522.32
5/12/2011;584.25;528.47
6/12/2011;574.90;528.85
7/12/2011;580.17;525.03
8/12/2011;566.91;511.58
9/12/2011;571.06;522.91
12/12/2011;558.33;510.61
13/12/2011;552.33;507.98
14/12/2011;537.15;494.18
15/12/2011;538.33;493.02
16/12/2011;540.15;497.40
19/12/2011;532.29;489.20
20/12/2011;546.05;508.52
21/12/2011;544.57;514.42
22/12/2011;551.42;520.29
23/12/2011;556.00;524.47
26/12/2011;554.24;
27/12/2011;551.50;525.49
28/12/2011;543.82;515.62
29/12/2011;548.33;521.62
30/12/2011;556.14;520.81
2/01/2012;560.97;
3/01/2012;569.01;534.38
4/01/2012;562.62;535.16
5/01/2012;556.18;531.91
6/01/2012;553.65;529.04
9/01/2012;559.45;532.06
10/01/2012;571.65;535.89
11/01/2012;589.51;528.84
12/01/2012;599.79;524.36
13/01/2012;584.38;522.47
16/01/2012;583.51;
17/01/2012;591.68;526.30
18/01/2012;603.51;534.25
19/01/2012;597.90;536.43
20/01/2012;597.26;537.00
23/01/2012;596.52;540.54
24/01/2012;590.88;539.10
25/01/2012;592.22;544.78
26/01/2012;602.26;537.56
27/01/2012;613.81;535.34
30/01/2012;605.24;533.06
31/01/2012;600.10;528.53
1/02/2012;607.74;530.95
2/02/2012;613.91;533.51
3/02/2012;622.92;543.29
6/02/2012;625.75;549.34
7/02/2012;633.12;552.03
8/02/2012;640.18;549.01
9/02/2012;666.18;548.72
10/02/2012;652.91;542.98
13/02/2012;647.13;547.41
14/02/2012;636.54;548.53
15/02/2012;634.10;546.77
16/02/2012;634.48;553.53
17/02/2012;647.15;555.03
20/02/2012;651.88;
21/02/2012;653.85;559.62
22/02/2012;648.11;560.74
23/02/2012;630.34;563.49
24/02/2012;623.77;565.66
27/02/2012;618.43;563.98
28/02/2012;623.44;563.14
29/02/2012;612.62;557.36
1/03/2012;611.78;562.47
2/03/2012;613.96;556.19
5/03/2012;605.96;554.41
6/03/2012;590.30;545.37
7/03/2012;588.38;548.83
8/03/2012;594.89;551.56
9/03/2012;600.77;550.80
12/03/2012;593.92;549.18
13/03/2012;604.39;556.16
14/03/2012;599.66;550.59
15/03/2012;605.23;551.31
16/03/2012;609.52;557.69
19/03/2012;604.39;560.98
20/03/2012;602.17;552.97
21/03/2012;594.86;547.21
22/03/2012;591.79;535.84
23/03/2012;597.32;541.01
26/03/2012;598.56;545.95
27/03/2012;598.89;540.83
28/03/2012;585.49;534.19
29/03/2012;581.09;534.42
30/03/2012;581.37;538.43
2/04/2012;579.94;543.41
3/04/2012;577.96;538.06
4/04/2012;565.38;531.52
5/04/2012;567.70;528.72
6/04/2012;568.16;
9/04/2012;561.46;521.99
10/04/2012;557.07;511.89
11/04/2012;562.04;512.00
12/04/2012;564.32;522.64
13/04/2012;555.00;514.39
16/04/2012;555.04;513.04
17/04/2012;563.48;522.04
18/04/2012;559.08;521.01
19/04/2012;554.11;519.53
20/04/2012;550.87;519.06
23/04/2012;536.03;518.50
24/04/2012;537.85;522.32
25/04/2012;540.18;526.88
26/04/2012;538.96;530.77
27/04/2012;542.33;530.49
30/04/2012;540.01;533.15
1/05/2012;542.43;540.68
2/05/2012;538.81;532.00
3/05/2012;529.32;524.11
4/05/2012;526.04;512.76
7/05/2012;519.56;511.65
8/05/2012;514.76;509.77
9/05/2012;508.89;506.16
10/05/2012;512.06;508.03
11/05/2012;507.13;504.42
14/05/2012;494.47;496.59
15/05/2012;481.24;489.22
16/05/2012;472.39;486.95
17/05/2012;465.14;483.63
18/05/2012;450.58;480.27
21/05/2012;451.45;490.45
22/05/2012;453.62;488.87
23/05/2012;447.71;490.77
24/05/2012;448.81;490.48
25/05/2012;448.13;488.90
28/05/2012;449.93;
29/05/2012;453.12;495.38
30/05/2012;447.84;480.65
31/05/2012;444.92;476.51
1/06/2012;435.84;466.44
4/06/2012;431.72;466.27
5/06/2012;436.20;469.09
6/06/2012;442.27;483.84
7/06/2012;445.22;484.71
8/06/2012;444.90;484.73
11/06/2012;441.13;479.07
12/06/2012;447.17;485.27
13/06/2012;444.89;479.96
14/06/2012;444.48;487.97
15/06/2012;456.30;496.71
18/06/2012;455.90;492.54
19/06/2012;463.92;499.52
20/06/2012;468.53;498.00
21/06/2012;458.73;478.12
22/06/2012;457.55;480.17
25/06/2012;449.48;471.13
26/06/2012;446.13;476.38
27/06/2012;449.87;485.34
28/06/2012;449.32;488.25
29/06/2012;462.52;503.27
2/07/2012;464.41;503.13
3/07/2012;469.36;514.04
4/07/2012;469.53;
5/07/2012;462.56;506.99
6/07/2012;457.83;501.52
9/07/2012;449.27;498.67
10/07/2012;446.75;491.77
11/07/2012;446.27;498.59
12/07/2012;442.54;496.49
13/07/2012;441.76;505.18
16/07/2012;440.15;506.67
17/07/2012;436.39;512.57
18/07/2012;428.30;516.82
19/07/2012;429.52;517.78
20/07/2012;419.67;518.11
23/07/2012;406.98;513.11
24/07/2012;398.53;505.94
25/07/2012;392.63;506.64
26/07/2012;399.72;520.18
27/07/2012;406.01;528.23
30/07/2012;399.04;529.55
31/07/2012;406.05;523.70
1/08/2012;402.17;526.23
2/08/2012;402.68;517.51
3/08/2012;409.97;529.72
6/08/2012;421.90;530.48
7/08/2012;431.86;537.50
8/08/2012;435.10;538.40
9/08/2012;437.67;540.36
10/08/2012;433.51;542.10
13/08/2012;429.62;539.38
14/08/2012;432.89;538.87
15/08/2012;429.95;537.29
16/08/2012;437.66;542.49
17/08/2012;442.24;541.32
20/08/2012;444.95;539.98
21/08/2012;451.57;538.01
22/08/2012;446.99;539.45
23/08/2012;448.34;534.14
24/08/2012;445.94;537.64
27/08/2012;442.22;537.00
28/08/2012;444.20;537.93
29/08/2012;437.94;534.82
30/08/2012;423.94;529.06
31/08/2012;427.43;533.54
3/09/2012;429.02;
4/09/2012;426.15;529.83
5/09/2012;423.00;528.26
6/09/2012;429.48;538.87
7/09/2012;437.61;547.66
10/09/2012;440.12;545.20
11/09/2012;437.95;550.17
12/09/2012;428.86;552.33
13/09/2012;432.28;562.54
14/09/2012;443.28;569.90
17/09/2012;442.61;565.44
18/09/2012;443.79;561.37
19/09/2012;448.67;556.12
20/09/2012;440.76;558.53
21/09/2012;443.58;559.57
24/09/2012;443.19;556.66
25/09/2012;442.28;551.69
26/09/2012;433.01;546.80
27/09/2012;440.89;553.93
28/09/2012;436.07;551.19
1/10/2012;438.89;554.18
2/10/2012;439.43;554.42
3/10/2012;433.21;548.24
4/10/2012;434.83;553.75
5/10/2012;436.38;552.93
8/10/2012;435.16;553.70
9/10/2012;428.23;553.75
10/10/2012;424.78;543.84
11/10/2012;429.90;547.08
12/10/2012;428.44;544.24
15/10/2012;430.72;547.04
16/10/2012;437.59;555.46
17/10/2012;444.42;562.02
18/10/2012;447.66;562.19
19/10/2012;435.09;553.76
22/10/2012;433.90;551.38
23/10/2012;418.04;538.35
24/10/2012;415.62;534.98
25/10/2012;417.26;539.93
26/10/2012;412.34;540.44
29/10/2012;414.28;
30/10/2012;414.15;
31/10/2012;413.21;539.94
1/11/2012;413.83;543.14
2/11/2012;410.20;533.87
5/11/2012;405.55;537.74
6/11/2012;412.45;546.16
7/11/2012;411.67;529.44
8/11/2012;407.95;520.71
9/11/2012;404.15;520.82
12/11/2012;399.03;521.54
13/11/2012;398.04;518.57
14/11/2012;394.34;511.96
15/11/2012;396.11;512.49
16/11/2012;399.34;514.35
19/11/2012;407.41;525.80
20/11/2012;403.24;523.72
21/11/2012;404.24;526.61
22/11/2012;405.79;
23/11/2012;412.10;533.58
26/11/2012;419.54;529.21
27/11/2012;415.58;524.20
28/11/2012;415.18;529.88
29/11/2012;421.19;530.38
30/11/2012;421.62;530.21
3/12/2012;417.52;526.97
4/12/2012;421.94;524.95
5/12/2012;423.91;528.62
6/12/2012;428.19;530.23
7/12/2012;434.30;533.69
10/12/2012;433.77;533.16
11/12/2012;436.09;536.09
12/12/2012;443.06;538.22
13/12/2012;443.38;533.45
14/12/2012;449.08;531.05
17/12/2012;463.13;535.74
18/12/2012;457.36;544.76
19/12/2012;465.37;540.42
20/12/2012;470.67;544.35
21/12/2012;469.47;538.03
24/12/2012;466.48;534.15
25/12/2012;469.21;
26/12/2012;467.50;532.16
27/12/2012;463.85;531.43
28/12/2012;456.26;522.03
31/12/2012;457.03;532.96
1/01/2013;457.03;
2/01/2013;468.33;545.39
3/01/2013;475.40;544.85
4/01/2013;480.68;550.56
7/01/2013;477.53;546.06
8/01/2013;472.50;545.19
9/01/2013;479.66;544.08
10/01/2013;486.96;549.24
11/01/2013;487.73;550.46
14/01/2013;483.95;550.41
15/01/2013;485.64;552.49
16/01/2013;479.86;554.20
17/01/2013;479.28;558.03
18/01/2013;481.94;563.07
21/01/2013;479.50;
22/01/2013;482.86;567.98
23/01/2013;482.27;565.89
24/01/2013;478.12;568.31
25/01/2013;473.44;573.26
28/01/2013;470.12;571.38
29/01/2013;470.51;580.33
30/01/2013;470.02;576.47
31/01/2013;467.02;573.41
1/02/2013;465.71;578.72
4/02/2013;461.23;573.23
5/02/2013;456.32;577.41
6/02/2013;463.84;577.57
7/02/2013;465.21;574.53
8/02/2013;461.85;579.27
11/02/2013;463.90;576.04
12/02/2013;469.46;577.85
13/02/2013;466.97;579.07
14/02/2013;474.34;582.10
15/02/2013;478.16;575.96
18/02/2013;476.15;
19/02/2013;476.11;582.61
20/02/2013;479.44;572.03
21/02/2013;470.66;568.20
22/02/2013;470.62;573.57
25/02/2013;469.66;559.15
26/02/2013;462.71;564.35
27/02/2013;462.83;572.96
28/02/2013;465.75;573.39
1/03/2013;463.90;572.13
4/03/2013;462.37;570.75
5/03/2013;466.61;574.87
6/03/2013;469.79;575.16
7/03/2013;470.47;576.61
8/03/2013;470.49;579.21
11/03/2013;469.43;579.42
12/03/2013;464.85;580.15
13/03/2013;458.67;579.07
14/03/2013;465.21;586.61
15/03/2013;468.65;585.73
18/03/2013;461.58;580.57
19/03/2013;462.14;575.11
20/03/2013;466.30;578.44
21/03/2013;471.71;575.41
22/03/2013;474.84;580.13
25/03/2013;465.31;577.93
26/03/2013;467.10;584.09
27/03/2013;466.95;585.81
28/03/2013;468.89;583.98
29/03/2013;471.50;
1/04/2013;469.97;583.88
2/04/2013;461.57;581.14
3/04/2013;462.71;571.78
4/04/2013;458.87;571.12
5/04/2013;457.81;571.16
8/04/2013;461.49;574.00
9/04/2013;479.06;578.31
10/04/2013;492.19;581.22
11/04/2013;499.43;583.87
12/04/2013;517.13;576.11
15/04/2013;521.81;553.79
16/04/2013;519.00;559.74
17/04/2013;506.70;548.87
18/04/2013;499.64;552.73
19/04/2013;507.65;552.56
22/04/2013;508.04;558.32
23/04/2013;513.22;564.69
24/04/2013;520.30;571.30
25/04/2013;522.10;570.45
26/04/2013;521.50;570.34
29/04/2013;529.55;575.94
30/04/2013;536.00;578.84
1/05/2013;537.98;569.36
2/05/2013;536.98;576.68
3/05/2013;536.96;587.07
6/05/2013;540.09;590.35
7/05/2013;543.42;594.33
8/05/2013;552.93;595.60
9/05/2013;550.15;593.95
10/05/2013;553.56;591.20
13/05/2013;556.57;591.06
14/05/2013;566.26;598.67
15/05/2013;568.78;596.44
16/05/2013;571.42;593.27
17/05/2013;570.48;602.63
20/05/2013;585.74;610.38
21/05/2013;588.68;610.14
22/05/2013;574.89;602.63
23/05/2013;558.43;601.43
24/05/2013;569.45;599.35
27/05/2013;567.22;
28/05/2013;566.45;605.39
29/05/2013;581.51;604.25
30/05/2013;578.87;602.87
31/05/2013;568.95;590.86
3/06/2013;569.26;596.79
4/06/2013;568.71;592.09
5/06/2013;558.29;585.45
6/06/2013;551.32;589.28
7/06/2013;552.64;596.22
10/06/2013;562.66;594.60
11/06/2013;554.93;586.23
12/06/2013;555.98;581.85
13/06/2013;553.52;591.98
14/06/2013;556.69;586.24
17/06/2013;572.65;593.84
18/06/2013;573.65;597.23
19/06/2013;570.61;591.24
20/06/2013;547.41;575.13
21/06/2013;545.63;576.99
24/06/2013;532.57;568.18
25/06/2013;530.92;574.49
26/06/2013;544.18;578.50
27/06/2013;552.55;579.78
28/06/2013;554.96;578.54
1/07/2013;555.87;581.76
2/07/2013;558.18;583.06
3/07/2013;551.24;583.21
4/07/2013;555.48;
5/07/2013;557.46;589.59
8/07/2013;561.17;593.72
9/07/2013;565.39;600.05
10/07/2013;566.66;596.56
11/07/2013;579.70;602.11
12/07/2013;575.98;604.48
15/07/2013;585.15;604.05
16/07/2013;591.64;600.67
17/07/2013;589.80;603.36
18/07/2013;591.22;609.03
19/07/2013;594.15;617.28
22/07/2013;602.13;615.76
23/07/2013;603.04;616.96
24/07/2013;605.56;611.06
25/07/2013;600.97;614.24
26/07/2013;597.73;612.55
29/07/2013;591.18;607.37
30/07/2013;598.73;605.65
31/07/2013;593.64;607.46
1/08/2013;602.48;614.56
2/08/2013;611.02;610.96
5/08/2013;614.30;609.26
6/08/2013;613.68;606.25
7/08/2013;596.73;604.15
8/08/2013;601.41;607.54
9/08/2013;603.99;604.56
12/08/2013;606.98;601.33
13/08/2013;603.86;602.34
14/08/2013;605.83;599.92
15/08/2013;596.67;595.94
16/08/2013;596.92;593.49
19/08/2013;582.55;584.37
20/08/2013;581.22;587.04
21/08/2013;576.95;583.87
22/08/2013;581.40;591.73
23/08/2013;587.60;596.12
26/08/2013;582.28;594.64
27/08/2013;571.81;591.05
28/08/2013;565.67;601.53
29/08/2013;566.99;594.99
30/08/2013;569.70;594.84
2/09/2013;572.04;
3/09/2013;582.31;598.33
4/09/2013;580.33;601.48
5/09/2013;591.64;602.98
6/09/2013;596.76;603.11
9/09/2013;598.84;609.27
10/09/2013;606.68;609.37
11/09/2013;610.95;613.98
12/09/2013;606.51;610.33
13/09/2013;608.38;610.62
16/09/2013;613.88;610.72
17/09/2013;611.55;613.31
18/09/2013;616.83;620.75
19/09/2013;624.53;619.42
20/09/2013;620.07;614.58
23/09/2013;622.63;611.53
24/09/2013;623.16;611.76
25/09/2013;624.54;611.45
26/09/2013;637.00;611.83
27/09/2013;645.07;609.94
30/09/2013;647.93;604.86
1/10/2013;657.99;608.14
2/10/2013;661.79;609.72
3/10/2013;664.58;604.60
4/10/2013;668.19;609.76
7/10/2013;662.32;605.45
8/10/2013;663.85;599.32
9/10/2013;661.85;597.37
10/10/2013;670.95;607.65
11/10/2013;675.20;613.92
14/10/2013;675.33;617.74
15/10/2013;680.69;615.08
16/10/2013;685.42;623.49
17/10/2013;693.75;624.83
18/10/2013;702.03;630.27
21/10/2013;707.03;627.86
22/10/2013;708.39;632.11
23/10/2013;695.95;623.60
24/10/2013;691.40;627.24
25/10/2013;678.50;629.82
28/10/2013;673.30;630.71
29/10/2013;674.64;634.86
30/10/2013;672.57;630.89
31/10/2013;669.21;629.49
1/11/2013;670.66;627.55
4/11/2013;682.76;635.79
5/11/2013;683.53;630.90
6/11/2013;688.20;634.64
7/11/2013;667.28;625.19
8/11/2013;668.90;634.08
11/11/2013;673.59;635.12
12/11/2013;671.34;629.63
13/11/2013;672.87;633.70
14/11/2013;683.36;637.11
15/11/2013;685.88;641.56
18/11/2013;688.09;637.59
19/11/2013;675.85;638.71
20/11/2013;671.53;636.82
21/11/2013;672.60;642.13
22/11/2013;670.01;645.71
25/11/2013;668.97;640.37
26/11/2013;665.56;638.17
27/11/2013;666.33;633.67
28/11/2013;667.37;
29/11/2013;668.95;632.66
2/12/2013;665.44;632.96
3/12/2013;657.32;635.05
4/12/2013;654.48;632.34
5/12/2013;654.41;629.61
6/12/2013;654.59;632.93
9/12/2013;650.65;633.49
10/12/2013;653.42;631.75
11/12/2013;646.18;622.73
12/12/2013;643.03;625.69
13/12/2013;643.11;623.30
16/12/2013;645.23;629.28
17/12/2013;645.63;625.48
18/12/2013;648.92;635.81
19/12/2013;653.35;637.23
20/12/2013;645.44;638.04
23/12/2013;650.80;638.26
24/12/2013;647.67;642.32
25/12/2013;647.22;
26/12/2013;649.45;647.83
27/12/2013;662.25;650.97
30/12/2013;664.74;645.77
31/12/2013;666.62;651.67
2/01/2014;681.25;643.16
3/01/2014;684.20;641.53
6/01/2014;680.64;641.93
7/01/2014;685.50;647.66
8/01/2014;687.28;643.24
9/01/2014;687.01;640.88
10/01/2014;689.39;641.83
13/01/2014;686.63;629.63
14/01/2014;686.06;636.50
15/01/2014;690.70;634.47
16/01/2014;698.56;634.96
17/01/2014;700.75;634.62
20/01/2014;698.43;
21/01/2014;695.72;637.84
22/01/2014;698.90;639.89
23/01/2014;689.24;632.71
24/01/2014;668.59;619.65
27/01/2014;653.07;617.54
28/01/2014;666.07;622.35
29/01/2014;666.29;618.66
30/01/2014;666.69;619.63
31/01/2014;670.04;610.44
3/02/2014;654.22;599.58
4/02/2014;646.26;603.98
5/02/2014;643.42;598.77
6/02/2014;656.19;606.57
7/02/2014;674.40;613.21
10/02/2014;679.52;609.35
11/02/2014;678.86;618.04
12/02/2014;684.80;615.76
13/02/2014;688.78;618.12
14/02/2014;687.15;627.11
17/02/2014;691.55;
18/02/2014;696.99;629.11
19/02/2014;692.41;629.42
20/02/2014;690.02;634.22
21/02/2014;696.62;629.81
24/02/2014;707.35;639.36
25/02/2014;706.99;639.27
26/02/2014;708.25;635.36
27/02/2014;719.43;635.29
28/02/2014;722.27;638.36
3/03/2014;718.28;634.51
4/03/2014;735.08;640.96
5/03/2014;733.89;634.07
6/03/2014;745.71;637.61
7/03/2014;744.01;640.16
10/03/2014;736.20;641.48
11/03/2014;738.58;633.99
12/03/2014;731.01;634.28
13/03/2014;720.18;628.11
14/03/2014;705.26;628.98
17/03/2014;710.32;633.01
18/03/2014;715.97;637.94
19/03/2014;725.48;632.13
20/03/2014;716.51;635.32
21/03/2014;709.32;636.96
24/03/2014;707.05;636.21
25/03/2014;703.85;641.55
26/03/2014;698.58;639.49
27/03/2014;707.75;645.00
28/03/2014;711.00;652.98
31/03/2014;714.39;652.90
1/04/2014;719.72;656.38
2/04/2014;721.88;658.47
3/04/2014;711.36;662.19
4/04/2014;709.77;659.50
7/04/2014;697.90;649.98
8/04/2014;698.82;655.87
9/04/2014;705.61;659.03
10/04/2014;695.32;650.25
11/04/2014;686.98;648.80
14/04/2014;676.79;657.31
15/04/2014;670.11;665.55
16/04/2014;683.40;673.58
17/04/2014;686.83;679.12
18/04/2014;687.20;
21/04/2014;689.50;683.56
22/04/2014;706.42;682.05
23/04/2014;704.91;685.28
24/04/2014;701.55;684.62
25/04/2014;691.85;681.62
28/04/2014;678.25;683.45
29/04/2014;675.52;686.34
30/04/2014;678.65;686.29
1/05/2014;681.15;683.84
2/05/2014;685.38;686.03
5/05/2014;684.23;689.20
6/05/2014;683.06;690.20
7/05/2014;668.45;695.51
8/05/2014;663.33;686.57
9/05/2014;665.49;685.35
12/05/2014;682.64;689.56
13/05/2014;681.78;691.80
14/05/2014;685.71;692.09
15/05/2014;670.25;683.03
16/05/2014;664.65;681.13
19/05/2014;666.37;683.14
20/05/2014;666.27;681.49
21/05/2014;676.21;688.88
22/05/2014;688.05;687.75
23/05/2014;694.72;686.90
26/05/2014;700.91;
27/05/2014;699.51;688.47
28/05/2014;700.31;689.28
29/05/2014;706.86;694.26
30/05/2014;704.20;693.46
2/06/2014;704.78;691.80
3/06/2014;702.64;694.10
4/06/2014;700.28;693.16
5/06/2014;706.22;697.36
6/06/2014;711.69;703.13
9/06/2014;714.21;703.85
10/06/2014;713.41;703.14
11/06/2014;716.57;705.42
12/06/2014;719.65;707.69
13/06/2014;727.56;714.83
16/06/2014;728.47;718.56
17/06/2014;740.58;717.34
18/06/2014;747.92;722.75
19/06/2014;747.73;727.23
20/06/2014;749.77;734.16
23/06/2014;744.52;737.09
24/06/2014;737.43;722.50
25/06/2014;741.08;727.30
26/06/2014;748.18;727.87
27/06/2014;751.30;727.52
30/06/2014;753.92;727.63
1/07/2014;752.42;728.34
2/07/2014;753.15;727.53
3/07/2014;761.89;730.37
4/07/2014;757.36;
7/07/2014;748.96;726.23
8/07/2014;729.18;725.08
9/07/2014;728.93;729.69
10/07/2014;721.28;722.76
11/07/2014;721.90;717.24
14/07/2014;726.44;723.51
15/07/2014;722.44;720.34
16/07/2014;725.01;731.59
17/07/2014;717.27;719.87
18/07/2014;725.76;721.91
21/07/2014;727.07;723.03
22/07/2014;737.52;728.55
23/07/2014;733.83;732.62
24/07/2014;736.24;733.44
25/07/2014;735.05;727.81
28/07/2014;736.84;726.97
29/07/2014;731.95;724.07
30/07/2014;732.24;720.33
31/07/2014;716.60;702.87
1/08/2014;707.24;697.87
4/08/2014;715.12;709.10
5/08/2014;717.36;693.94
6/08/2014;717.83;696.66
7/08/2014;720.86;691.90
8/08/2014;715.81;703.50
11/08/2014;732.07;702.45
12/08/2014;730.28;697.78
13/08/2014;737.57;700.10
14/08/2014;740.54;696.58
15/08/2014;742.38;700.15
18/08/2014;749.88;702.12
19/08/2014;754.78;707.23
20/08/2014;756.31;708.65
21/08/2014;753.00;708.67
22/08/2014;752.26;704.06
25/08/2014;758.24;709.61
26/08/2014;755.54;713.29
27/08/2014;757.57;712.59
28/08/2014;749.30;712.27
29/08/2014;750.91;715.72
1/09/2014;747.80;
2/09/2014;749.33;706.80
3/09/2014;754.47;709.00
4/09/2014;759.24;699.83
5/09/2014;760.46;704.64
8/09/2014;761.03;693.47
9/09/2014;742.85;690.18
10/09/2014;742.79;688.10
11/09/2014;743.12;688.70
12/09/2014;740.20;678.33
15/09/2014;724.84;683.29
16/09/2014;720.90;691.39
17/09/2014;723.33;688.08
18/09/2014;724.07;684.80
19/09/2014;720.35;684.82
22/09/2014;711.15;675.52
23/09/2014;706.89;673.39
24/09/2014;711.83;673.63
25/09/2014;703.00;663.29
26/09/2014;703.42;671.95
29/09/2014;694.58;669.11
30/09/2014;687.69;661.05
1/10/2014;675.13;648.71
2/10/2014;670.08;646.25
3/10/2014;673.82;646.26
6/10/2014;656.07;647.09
7/10/2014;656.22;638.48
8/10/2014;654.10;644.91
9/10/2014;642.85;621.04
10/10/2014;626.62;613.73
13/10/2014;619.37;596.21
14/10/2014;620.23;588.90
15/10/2014;617.88;591.42
16/10/2014;617.87;601.39
17/10/2014;628.62;606.90
20/10/2014;633.21;611.51
21/10/2014;644.21;629.40
22/10/2014;645.32;618.97
23/10/2014;643.32;630.02
24/10/2014;643.70;628.23
27/10/2014;633.54;615.48
28/10/2014;651.26;629.44
29/10/2014;650.48;630.45
30/10/2014;652.16;628.50
31/10/2014;662.96;641.32
3/11/2014;660.61;630.16
4/11/2014;654.19;617.99
5/11/2014;650.98;628.79
6/11/2014;642.54;636.84
7/11/2014;649.09;642.80
10/11/2014;646.14;637.45
11/11/2014;645.70;639.12
12/11/2014;641.30;633.21
13/11/2014;635.67;624.69
14/11/2014;638.46;629.88
17/11/2014;635.52;627.15
18/11/2014;642.36;627.42
19/11/2014;643.85;630.93
20/11/2014;647.74;637.82
21/11/2014;655.74;645.60
24/11/2014;660.45;640.88
25/11/2014;662.72;630.62
26/11/2014;667.38;623.65
27/11/2014;663.38;
28/11/2014;650.16;584.58
1/12/2014;629.90;588.74
2/12/2014;633.84;596.58
3/12/2014;637.15;603.53
4/12/2014;635.28;598.67
5/12/2014;637.80;591.53
8/12/2014;629.14;568.43
9/12/2014;625.08;573.29
10/12/2014;628.77;555.63
11/12/2014;626.46;555.82
12/12/2014;620.90;543.90
15/12/2014;612.77;540.03
16/12/2014;606.31;543.79
17/12/2014;603.67;566.75
18/12/2014;616.02;578.79
19/12/2014;618.19;596.85
22/12/2014;620.76;591.01
23/12/2014;620.84;598.44
24/12/2014;622.84;593.60
25/12/2014;622.58;
26/12/2014;625.66;593.19
29/12/2014;627.23;594.76
30/12/2014;622.32;591.05
31/12/2014;624.64;586.59
2/01/2015;626.91;589.12
5/01/2015;615.40;565.60
6/01/2015;614.41;558.19
7/01/2015;614.58;560.09
8/01/2015;627.30;572.44
9/01/2015;626.46;567.92
12/01/2015;620.74;552.00
13/01/2015;623.76;547.99
14/01/2015;622.78;548.68
15/01/2015;615.17;542.06
16/01/2015;613.62;559.36
19/01/2015;615.69;
20/01/2015;612.92;559.90
21/01/2015;619.53;570.15
22/01/2015;621.61;573.44
23/01/2015;624.42;568.28
26/01/2015;643.31;576.18
27/01/2015;651.82;575.18
28/01/2015;646.47;552.91
29/01/2015;644.02;553.86
30/01/2015;639.53;557.95
2/02/2015;652.00;574.68
3/02/2015;666.55;590.64
4/02/2015;665.89;581.12
5/02/2015;669.63;589.53
6/02/2015;669.66;587.98
9/02/2015;667.38;589.03
10/02/2015;673.86;587.89
11/02/2015;669.46;584.03
12/02/2015;678.85;591.84
13/02/2015;683.26;603.40
16/02/2015;682.81;
17/02/2015;682.17;604.28
18/02/2015;682.29;595.48
19/02/2015;677.84;590.83
20/02/2015;678.73;589.07
23/02/2015;680.17;586.60
24/02/2015;690.76;587.73
25/02/2015;696.40;590.18
26/02/2015;698.57;579.76
27/02/2015;698.93;577.51
2/03/2015;709.06;573.51
3/03/2015;716.34;574.81
4/03/2015;736.70;573.63
5/03/2015;768.80;570.08
6/03/2015;751.76;560.66
9/03/2015;737.46;556.79
10/03/2015;726.68;548.87
11/03/2015;725.66;549.97
12/03/2015;728.69;547.42
13/03/2015;723.69;544.87
16/03/2015;727.64;552.20
17/03/2015;730.40;549.32
18/03/2015;740.38;565.25
19/03/2015;739.44;555.68
20/03/2015;751.07;563.30
23/03/2015;754.47;562.30
24/03/2015;756.16;557.75
25/03/2015;752.36;564.55
26/03/2015;742.63;563.41
27/03/2015;741.98;559.23
30/03/2015;751.73;571.00
31/03/2015;755.14;565.76
1/04/2015;764.52;566.80
2/04/2015;771.98;567.79
3/04/2015;771.85;
6/04/2015;777.45;577.84
7/04/2015;776.65;579.62
8/04/2015;785.87;573.65
9/04/2015;796.45;582.43
10/04/2015;797.89;585.36
13/04/2015;803.28;580.43
14/04/2015;800.03;590.73
15/04/2015;805.84;604.34
16/04/2015;807.53;602.67
17/04/2015;800.15;597.81
20/04/2015;792.32;600.48
21/04/2015;798.27;594.40
22/04/2015;804.44;598.17
23/04/2015;812.45;601.86
24/04/2015;807.43;597.98
27/04/2015;808.38;597.61
28/04/2015;812.30;600.79
29/04/2015;802.81;605.07
30/04/2015;795.01;602.89
1/05/2015;793.81;604.75
4/05/2015;799.06;603.36
5/05/2015;792.59;596.72
6/05/2015;792.08;594.93
7/05/2015;789.69;588.39
8/05/2015;804.79;597.81
11/05/2015;807.85;585.57
12/05/2015;803.62;588.13
13/05/2015;807.37;586.32
14/05/2015;809.42;586.60
15/05/2015;812.15;587.93
18/05/2015;809.18;587.44
19/05/2015;806.94;580.21
20/05/2015;785.06;581.13
21/05/2015;784.98;586.02
22/05/2015;784.62;583.44
25/05/2015;782.28;
26/05/2015;776.34;574.21
27/05/2015;778.30;573.60
28/05/2015;772.74;571.77
29/05/2015;768.88;571.41
1/06/2015;768.21;570.14
2/06/2015;769.34;573.00
3/06/2015;770.09;569.26
4/06/2015;762.25;562.18
5/06/2015;758.03;565.88
8/06/2015;750.76;563.10
9/06/2015;739.60;562.82
10/06/2015;748.38;569.45
11/06/2015;752.38;567.19
12/06/2015;750.09;560.60
15/06/2015;742.32;558.88
16/06/2015;744.31;563.43
17/06/2015;747.50;562.62
18/06/2015;752.85;563.00
19/06/2015;745.51;558.01
22/06/2015;756.00;563.50
23/06/2015;760.46;565.27
24/06/2015;754.52;561.72
25/06/2015;747.05;555.98
26/06/2015;739.24;557.32
29/06/2015;717.01;547.54
30/06/2015;723.02;551.11
1/07/2015;723.93;543.91
2/07/2015;722.18;546.28
3/07/2015;717.98;
6/07/2015;695.25;539.38
7/07/2015;680.90;544.14
8/07/2015;668.69;533.49
9/07/2015;691.46;535.53
10/07/2015;711.67;538.25
13/07/2015;720.51;541.64
14/07/2015;722.06;546.16
15/07/2015;712.15;537.33
16/07/2015;719.85;537.62
17/07/2015;716.69;531.86
20/07/2015;720.72;525.01
21/07/2015;720.28;525.51
22/07/2015;691.44;522.13
23/07/2015;686.26;520.56
24/07/2015;680.02;510.24
27/07/2015;668.53;503.33
28/07/2015;671.47;518.36
29/07/2015;686.89;525.00
30/07/2015;672.59;521.60
31/07/2015;674.77;508.05
3/08/2015;672.09;497.85
4/08/2015;669.69;495.55
5/08/2015;678.61;491.84
6/08/2015;669.05;499.63
7/08/2015;663.18;490.35
10/08/2015;670.14;505.61
11/08/2015;658.54;504.66
12/08/2015;654.94;514.03
13/08/2015;657.13;507.11
14/08/2015;657.00;506.05
17/08/2015;658.48;505.81
18/08/2015;656.57;503.79
19/08/2015;643.18;489.75
20/08/2015;620.47;478.94
21/08/2015;599.89;462.29
24/08/2015;578.45;438.36
25/08/2015;586.35;432.40
26/08/2015;587.15;447.55
27/08/2015;610.55;469.53
28/08/2015;615.21;479.16
31/08/2015;605.31;484.21
1/09/2015;591.29;466.50
2/09/2015;590.03;470.80
3/09/2015;592.93;472.35
4/09/2015;582.81;464.18
7/09/2015;585.05;
8/09/2015;595.84;471.03
9/09/2015;602.60;461.89
10/09/2015;601.01;464.39
11/09/2015;597.89;460.95
14/09/2015;596.25;457.24
15/09/2015;599.65;462.23
16/09/2015;607.19;475.03
17/09/2015;608.85;474.86
18/09/2015;601.91;462.41
21/09/2015;598.35;465.06
22/09/2015;588.05;460.02
23/09/2015;576.70;453.71
24/09/2015;571.04;455.58
25/09/2015;575.35;456.85
28/09/2015;562.32;440.49
29/09/2015;559.46;440.55
30/09/2015;575.49;451.33
1/10/2015;578.48;451.58
2/10/2015;596.66;469.69
5/10/2015;612.06;483.09
6/10/2015;620.25;493.86
7/10/2015;631.26;500.41
8/10/2015;633.03;509.88
9/10/2015;640.88;506.18
12/10/2015;635.84;500.69
13/10/2015;629.07;496.20
14/10/2015;636.91;500.90
15/10/2015;648.32;509.05
16/10/2015;642.33;509.95
19/10/2015;638.09;500.12
20/10/2015;640.46;500.96
21/10/2015;637.81;495.77
22/10/2015;638.14;505.85
23/10/2015;637.63;504.85
26/10/2015;635.59;492.13
27/10/2015;621.91;486.44
28/10/2015;627.39;497.23
29/10/2015;628.08;498.71
30/10/2015;624.57;502.11
2/11/2015;628.61;514.36
3/11/2015;629.98;527.38
4/11/2015;630.76;521.87
5/11/2015;628.29;516.43
6/11/2015;630.98;514.21
9/11/2015;622.98;506.73
10/11/2015;607.73;508.03
11/11/2015;605.41;498.34
12/11/2015;598.68;486.41
13/11/2015;591.24;483.52
16/11/2015;594.42;499.26
17/11/2015;589.04;493.49
18/11/2015;591.68;501.42
19/11/2015;596.04;495.00
20/11/2015;598.26;489.86
23/11/2015;597.00;493.11
24/11/2015;598.80;503.90
25/11/2015;598.70;499.73
26/11/2015;600.11;
27/11/2015;598.01;496.34
30/11/2015;594.33;498.26
1/12/2015;604.17;501.81
2/12/2015;611.38;486.21
3/12/2015;613.37;476.43
4/12/2015;612.35;473.94
7/12/2015;606.72;456.56
8/12/2015;599.42;449.75
9/12/2015;600.78;455.74
10/12/2015;592.47;458.55
11/12/2015;580.28;443.14
14/12/2015;591.29;446.73
15/12/2015;600.98;459.45
16/12/2015;629.01;457.09
17/12/2015;629.89;445.74
18/12/2015;626.11;438.48
21/12/2015;626.39;438.68
22/12/2015;620.19;444.03
23/12/2015;629.29;462.88
24/12/2015;633.25;458.67
25/12/2015;633.17;
28/12/2015;628.32;450.45
29/12/2015;628.12;453.58
30/12/2015;625.43;446.93
31/12/2015;625.72;448.44
4/01/2016;619.28;447.75
5/01/2016;617.79;450.01
6/01/2016;610.53;433.71
7/01/2016;587.63;423.45
8/01/2016;583.74;417.77
11/01/2016;571.22;409.02
12/01/2016;565.67;410.55
13/01/2016;558.00;403.26
14/01/2016;549.35;421.30
15/01/2016;531.97;409.20
18/01/2016;525.26;
19/01/2016;530.13;400.32
20/01/2016;514.97;388.58
21/01/2016;510.60;399.79
22/01/2016;530.26;417.03
25/01/2016;525.73;398.19
26/01/2016;531.45;413.24
27/01/2016;534.74;410.61
28/01/2016;531.92;423.56
29/01/2016;550.74;434.67
1/02/2016;554.41;426.53
2/02/2016;540.76;412.63
3/02/2016;539.84;428.99
4/02/2016;546.04;428.83
5/02/2016;534.09;420.11
8/02/2016;516.80;420.39
9/02/2016;518.40;410.00
10/02/2016;510.67;407.95
11/02/2016;492.81;406.22
12/02/2016;493.15;416.70
15/02/2016;504.59;
16/02/2016;513.47;420.04
17/02/2016;522.86;432.30
18/02/2016;526.86;428.26
19/02/2016;521.28;426.77
22/02/2016;530.36;436.31
23/02/2016;524.17;422.28
24/02/2016;527.74;426.08
25/02/2016;532.76;426.87
26/02/2016;537.40;428.49
29/02/2016;537.78;423.54
1/03/2016;542.00;432.95
2/03/2016;551.97;443.56
3/03/2016;559.54;449.24
4/03/2016;567.70;453.31
7/03/2016;571.90;464.02
8/03/2016;563.34;444.86
9/03/2016;566.56;451.70
10/03/2016;565.25;451.81
11/03/2016;578.93;461.90
14/03/2016;579.27;459.05
15/03/2016;572.63;458.39
16/03/2016;572.86;465.75
17/03/2016;589.32;472.43
18/03/2016;595.62;473.35
21/03/2016;592.72;470.98
22/03/2016;588.41;469.44
23/03/2016;575.62;459.58
24/03/2016;570.57;461.84
25/03/2016;571.01;
28/03/2016;574.08;460.26
29/03/2016;578.42;461.87
30/03/2016;589.14;463.14
31/03/2016;588.45;462.41
1/04/2016;582.53;456.00
4/04/2016;577.39;453.67
5/04/2016;569.11;450.16
6/04/2016;569.53;459.62
7/04/2016;566.25;456.80
8/04/2016;571.29;466.03
11/04/2016;575.23;464.17
12/04/2016;581.49;477.34
13/04/2016;589.52;479.30
14/04/2016;586.74;481.31
15/04/2016;586.57;475.25
18/04/2016;583.92;482.79
19/04/2016;590.54;491.88
20/04/2016;591.01;495.84
21/04/2016;591.08;493.40
22/04/2016;588.90;499.96
25/04/2016;580.64;494.56
26/04/2016;586.12;501.47
27/04/2016;589.58;509.79
28/04/2016;584.97;502.92
29/04/2016;583.45;502.42
2/05/2016;574.12;502.57
3/05/2016;560.02;491.33
4/05/2016;556.48;484.94
5/05/2016;550.23;488.53
6/05/2016;552.09;487.59
9/05/2016;545.93;481.52
10/05/2016;549.94;489.96
11/05/2016;555.51;489.30
12/05/2016;550.64;491.27
13/05/2016;544.01;485.15
16/05/2016;545.06;492.84
17/05/2016;547.13;493.96
18/05/2016;538.33;489.21
19/05/2016;529.33;490.43
20/05/2016;538.52;492.50
23/05/2016;540.61;491.28
24/05/2016;543.81;493.74
25/05/2016;547.01;501.19
26/05/2016;545.93;499.14
27/05/2016;545.11;499.38
30/05/2016;546.61;
31/05/2016;548.47;496.54
1/06/2016;557.05;497.30
2/06/2016;557.83;495.71
3/06/2016;560.60;494.31
6/06/2016;568.53;504.16
7/06/2016;571.85;514.93
8/06/2016;570.67;513.89
9/06/2016;565.34;511.30
10/06/2016;544.72;501.15
13/06/2016;532.95;499.63
14/06/2016;523.92;499.38
15/06/2016;527.35;497.71
16/06/2016;522.82;496.65
17/06/2016;535.05;500.82
20/06/2016;547.28;505.10
21/06/2016;545.91;510.44
22/06/2016;550.38;507.41
23/06/2016;557.60;515.84
24/06/2016;532.24;497.72
27/06/2016;521.62;485.07
28/06/2016;533.98;497.86
29/06/2016;549.70;507.93
30/06/2016;558.14;512.39
1/07/2016;560.68;514.79
4/07/2016;559.95;
5/07/2016;554.23;505.04
6/07/2016;554.57;507.85
7/07/2016;554.92;502.53
8/07/2016;563.27;509.01
11/07/2016;575.62;509.84
12/07/2016;576.04;521.33
13/07/2016;571.87;517.63
14/07/2016;575.83;519.75
15/07/2016;571.29;519.62
18/07/2016;576.86;519.33
19/07/2016;573.25;516.63
20/07/2016;580.04;515.76
21/07/2016;581.39;511.11
22/07/2016;580.66;512.82
25/07/2016;580.98;502.60
26/07/2016;586.37;504.65
27/07/2016;583.69;499.44
28/07/2016;577.35;498.63
29/07/2016;578.27;502.23
1/08/2016;583.22;485.50
2/08/2016;578.75;489.84
3/08/2016;581.21;498.47
4/08/2016;586.11;497.71
5/08/2016;585.89;501.92
8/08/2016;589.74;508.05
9/08/2016;591.31;505.52
10/08/2016;582.54;498.38
11/08/2016;584.28;504.87
12/08/2016;583.05;508.16
15/08/2016;586.69;511.14
16/08/2016;585.49;512.22
17/08/2016;586.01;513.29
18/08/2016;595.91;522.44
19/08/2016;594.40;518.15
22/08/2016;592.35;513.59
23/08/2016;594.08;515.85
24/08/2016;592.25;514.46
25/08/2016;589.92;512.96
26/08/2016;591.25;511.22
29/08/2016;587.77;514.62
30/08/2016;587.70;512.47
31/08/2016;584.61;505.45
1/09/2016;585.40;504.11
2/09/2016;589.96;508.35
5/09/2016;596.69;
6/09/2016;606.39;516.07
7/09/2016;608.32;517.78
8/09/2016;610.42;526.42
9/09/2016;599.32;511.68
12/09/2016;589.98;516.18
13/09/2016;580.57;501.41
14/09/2016;573.03;495.65
15/09/2016;575.17;501.07
16/09/2016;572.27;496.79
19/09/2016;580.64;496.19
20/09/2016;582.33;492.10
21/09/2016;586.94;502.53
22/09/2016;596.33;503.62
23/09/2016;591.78;497.27
26/09/2016;584.98;495.00
27/09/2016;587.58;492.72
28/09/2016;588.95;514.12
29/09/2016;589.03;513.68
30/09/2016;574.70;520.35
3/10/2016;577.60;519.53
4/10/2016;573.28;514.55
5/10/2016;579.43;521.79
6/10/2016;580.19;522.67
7/10/2016;571.25;520.28
10/10/2016;575.00;528.11
11/10/2016;565.96;521.96
12/10/2016;564.83;519.82
13/10/2016;566.09;516.39
14/10/2016;570.59;514.27
17/10/2016;569.23;512.00
18/10/2016;574.81;513.90
19/10/2016;577.26;520.89
20/10/2016;575.45;520.41
21/10/2016;571.55;516.84
24/10/2016;570.27;516.01
25/10/2016;565.50;513.29
26/10/2016;564.72;514.75
27/10/2016;561.34;513.05
28/10/2016;557.15;510.77
31/10/2016;557.95;504.89
1/11/2016;550.20;505.37
2/11/2016;540.23;500.26
3/11/2016;530.55;502.11
4/11/2016;529.63;499.68
7/11/2016;541.65;510.58
8/11/2016;542.41;510.49
9/11/2016;516.14;518.23
10/11/2016;505.99;519.83
11/11/2016;500.66;511.21
14/11/2016;496.28;513.00
15/11/2016;500.96;526.77
16/11/2016;500.70;522.16
17/11/2016;499.80;518.63
18/11/2016;498.45;521.02
21/11/2016;498.08;532.48
22/11/2016;502.14;532.41
23/11/2016;505.05;534.79
24/11/2016;507.96;
25/11/2016;508.90;532.69
28/11/2016;511.98;525.71
29/11/2016;506.71;519.64
30/11/2016;506.23;544.67
1/12/2016;502.16;546.15
2/12/2016;498.41;546.74
5/12/2016;502.31;550.67
6/12/2016;503.35;550.11
7/12/2016;512.11;553.78
8/12/2016;511.86;556.42
9/12/2016;510.15;558.71
12/12/2016;509.14;562.73
13/12/2016;513.01;569.85
14/12/2016;505.42;557.75
15/12/2016;498.13;560.03
16/12/2016;497.80;563.18
19/12/2016;503.05;560.42
20/12/2016;500.04;559.24
21/12/2016;497.96;560.15
22/12/2016;499.49;562.68
23/12/2016;498.79;561.56
26/12/2016;499.01;
27/12/2016;504.34;562.88
28/12/2016;502.82;557.38
29/12/2016;504.43;556.03
30/12/2016;507.02;554.50
2/01/2017;509.16;
3/01/2017;511.28;560.90
4/01/2017;517.66;559.30
5/01/2017;521.64;557.48
6/01/2017;521.04;557.57
9/01/2017;521.80;549.33
10/01/2017;523.44;544.11
11/01/2017;526.98;550.65
12/01/2017;529.29;548.00
13/01/2017;529.10;546.96
16/01/2017;528.40;
17/01/2017;533.49;550.39
18/01/2017;534.29;548.53
19/01/2017;529.78;544.55
20/01/2017;530.17;547.41
23/01/2017;531.21;541.29
24/01/2017;530.14;546.61
25/01/2017;534.10;549.68
26/01/2017;532.80;549.61
27/01/2017;531.75;544.42
30/01/2017;525.36;534.86
31/01/2017;528.83;534.34
1/02/2017;533.65;530.33
2/02/2017;534.36;533.45
3/02/2017;536.58;538.04
6/02/2017;533.11;533.27
7/02/2017;531.46;525.95
8/02/2017;535.61;525.58
9/02/2017;536.13;530.46
10/02/2017;542.29;534.42
13/02/2017;548.34;534.57
14/02/2017;550.19;535.25
15/02/2017;555.57;533.36
16/02/2017;557.20;526.07
17/02/2017;556.49;523.30
20/02/2017;557.80;
21/02/2017;564.14;526.88
22/02/2017;561.01;518.55
23/02/2017;559.99;521.17
24/02/2017;555.15;516.53
27/02/2017;554.11;521.01
28/02/2017;552.62;519.74
1/03/2017;554.85;530.40
2/03/2017;552.92;525.90
3/03/2017;552.03;523.98
6/03/2017;550.25;525.53
7/03/2017;551.58;520.78
8/03/2017;550.46;507.54
9/03/2017;544.61;510.54
10/03/2017;545.60;510.15
13/03/2017;550.77;510.37
14/03/2017;548.93;504.73
15/03/2017;550.89;515.23
16/03/2017;558.29;512.24
17/03/2017;558.62;511.82
20/03/2017;555.05;511.18
21/03/2017;546.84;507.58
22/03/2017;540.33;507.05
23/03/2017;540.42;505.24
24/03/2017;542.12;502.92
27/03/2017;541.44;500.87
28/03/2017;545.89;507.32
29/03/2017;546.47;513.51
30/03/2017;542.93;515.92
31/03/2017;544.61;514.01
3/04/2017;543.71;513.13
4/04/2017;545.21;516.78
5/04/2017;541.09;515.04
6/04/2017;542.33;519.14
7/04/2017;541.97;517.13
10/04/2017;543.73;521.12
11/04/2017;545.60;520.68
12/04/2017;543.40;518.90
13/04/2017;539.36;509.40
14/04/2017;538.42;
17/04/2017;544.35;510.38
18/04/2017;541.33;505.94
19/04/2017;538.42;498.72
20/04/2017;538.34;500.67
21/04/2017;534.72;498.53
24/04/2017;540.69;501.23
25/04/2017;544.17;505.94
26/04/2017;541.97;503.91
27/04/2017;537.64;498.31
28/04/2017;540.52;498.95
1/05/2017;543.36;497.84
2/05/2017;547.70;495.37
3/05/2017;549.05;496.99
4/05/2017;544.01;487.54
5/05/2017;549.97;495.45
8/05/2017;547.21;498.95
9/05/2017;550.18;494.67
10/05/2017;551.76;499.94
11/05/2017;548.28;498.94
12/05/2017;548.81;497.35
15/05/2017;553.46;500.45
16/05/2017;554.12;498.24
17/05/2017;547.45;492.61
18/05/2017;537.08;492.05
19/05/2017;543.30;498.15
22/05/2017;544.34;497.31
23/05/2017;546.10;498.13
24/05/2017;550.35;495.96
25/05/2017;552.51;487.09
26/05/2017;549.88;487.49
29/05/2017;549.14;
30/05/2017;550.81;481.11
31/05/2017;548.81;479.19
1/06/2017;549.41;482.37
2/06/2017;549.54;476.67
5/06/2017;547.99;477.46
6/06/2017;549.73;483.20
7/06/2017;545.73;476.05
8/06/2017;545.35;474.73
9/06/2017;542.22;486.49
12/06/2017;540.16;489.77
13/06/2017;541.35;493.02
14/06/2017;542.51;483.99
15/06/2017;536.57;480.70
16/06/2017;536.58;488.95
19/06/2017;539.99;485.60
20/06/2017;535.16;479.55
21/06/2017;536.83;471.88
22/06/2017;542.88;471.28
23/06/2017;546.03;474.83
26/06/2017;549.32;473.69
27/06/2017;546.47;472.88
28/06/2017;549.11;475.57
29/06/2017;545.40;476.16
30/06/2017;548.03;477.91
3/07/2017;549.03;487.49
4/07/2017;547.16;
5/07/2017;545.00;477.67
6/07/2017;546.60;472.40
7/07/2017;545.70;471.95
10/07/2017;547.51;473.20
11/07/2017;547.54;475.69
12/07/2017;554.87;477.09
13/07/2017;555.46;479.19
14/07/2017;561.99;481.78
17/07/2017;562.92;481.13
18/07/2017;567.76;478.78
19/07/2017;575.25;485.46
20/07/2017;577.77;483.72
21/07/2017;575.30;479.45
24/07/2017;576.05;478.03
25/07/2017;575.75;484.07
26/07/2017;577.40;484.56
27/07/2017;572.10;489.38
28/07/2017;576.79;488.44
31/07/2017;578.03;489.57
1/08/2017;578.84;489.87
2/08/2017;577.44;488.33
3/08/2017;580.16;481.77
4/08/2017;581.92;483.44
7/08/2017;587.99;479.27
8/08/2017;585.72;478.67
9/08/2017;582.00;479.23
10/08/2017;573.78;472.82
11/08/2017;573.48;469.55
14/08/2017;578.22;468.29
15/08/2017;579.24;466.44
16/08/2017;581.31;461.18
17/08/2017;572.44;454.52
18/08/2017;576.50;457.09
21/08/2017;570.18;454.57
22/08/2017;574.35;457.72
23/08/2017;575.44;459.47
24/08/2017;577.67;459.39
25/08/2017;577.64;461.78
28/08/2017;578.51;459.61
29/08/2017;579.58;459.06
30/08/2017;580.11;459.21
31/08/2017;580.91;461.61
1/09/2017;581.80;465.36
4/09/2017;580.67;
5/09/2017;580.34;467.98
6/09/2017;580.18;475.65
7/09/2017;583.08;476.48
8/09/2017;580.37;471.43
11/09/2017;584.76;476.23
12/09/2017;586.15;478.70
13/09/2017;582.66;484.63
14/09/2017;588.97;486.50
15/09/2017;588.12;487.76
18/09/2017;585.72;489.89
19/09/2017;586.77;491.73
20/09/2017;587.51;495.11
21/09/2017;584.14;494.78
22/09/2017;585.27;497.41
25/09/2017;573.31;504.74
26/09/2017;570.49;503.77
27/09/2017;573.91;506.17
28/09/2017;571.14;506.93
29/09/2017;570.40;506.72
2/10/2017;573.55;506.63
3/10/2017;579.78;506.21
4/10/2017;579.83;505.89
5/10/2017;579.95;507.94
6/10/2017;580.98;503.79
9/10/2017;577.04;505.05
10/10/2017;581.93;505.57
11/10/2017;582.80;506.78
12/10/2017;586.27;504.87
13/10/2017;587.61;504.51
16/10/2017;584.04;505.61
17/10/2017;588.05;506.03
18/10/2017;588.48;502.50
19/10/2017;585.14;500.93
20/10/2017;585.64;502.26
23/10/2017;586.19;499.32
24/10/2017;582.15;500.67
25/10/2017;581.37;497.25
26/10/2017;584.83;498.46
27/10/2017;592.01;499.45
30/10/2017;594.67;501.26
31/10/2017;594.21;503.07
1/11/2017;594.07;508.54
2/11/2017;595.75;506.96
3/11/2017;590.71;508.14
6/11/2017;595.80;519.33
7/11/2017;586.89;518.41
8/11/2017;592.15;516.35
9/11/2017;583.05;517.84
10/11/2017;579.42;513.67
13/11/2017;578.62;510.88
14/11/2017;576.93;503.00
15/11/2017;572.75;497.09
16/11/2017;577.19;494.20
17/11/2017;572.54;496.33
20/11/2017;571.98;495.30
21/11/2017;570.04;496.41
22/11/2017;573.16;498.58
23/11/2017;572.53;
24/11/2017;575.10;499.94
27/11/2017;569.21;494.80
28/11/2017;575.86;498.87
29/11/2017;569.04;501.51
30/11/2017;568.70;509.28
1/12/2017;564.64;513.33
4/12/2017;554.99;513.18
5/12/2017;555.07;510.46
6/12/2017;552.73;503.88
7/12/2017;560.86;505.47
8/12/2017;567.85;509.77
11/12/2017;570.95;513.40
12/12/2017;568.09;511.74
13/12/2017;571.74;511.04
14/12/2017;574.99;509.38
15/12/2017;577.32;509.24
18/12/2017;584.72;512.76
19/12/2017;580.63;513.32
20/12/2017;583.29;520.38
21/12/2017;590.54;531.21
22/12/2017;591.14;532.36
25/12/2017;591.08;
26/12/2017;591.29;536.75
27/12/2017;596.64;535.03
28/12/2017;598.26;535.52
29/12/2017;599.29;533.41
2/01/2018;607.52;542.93
3/01/2018;606.22;551.22
4/01/2018;601.25;554.51
5/01/2018;604.79;554.41
8/01/2018;613.18;557.64
9/01/2018;610.54;555.87
10/01/2018;610.59;555.32
11/01/2018;622.11;566.56
12/01/2018;619.74;572.02
15/01/2018;620.36;
16/01/2018;617.15;564.96
17/01/2018;615.93;569.78
18/01/2018;616.37;565.24
19/01/2018;616.52;564.66
22/01/2018;617.53;576.52
23/01/2018;616.35;575.64
24/01/2018;613.15;574.21
25/01/2018;616.22;569.76
26/01/2018;615.11;573.24
29/01/2018;616.21;564.37
30/01/2018;615.98;552.97
31/01/2018;616.53;553.45
1/02/2018;612.62;559.54
2/02/2018;602.94;536.43
5/02/2018;589.12;513.07
6/02/2018;580.15;516.52
7/02/2018;582.43;507.90
8/02/2018;572.41;492.78
9/02/2018;569.71;491.04
12/02/2018;577.00;499.15
13/02/2018;584.41;496.92
14/02/2018;591.55;503.89
15/02/2018;604.12;501.76
16/02/2018;606.54;500.52
19/02/2018;605.75;
20/02/2018;607.68;497.69
21/02/2018;609.13;489.44
22/02/2018;608.06;494.73
23/02/2018;607.66;505.59
26/02/2018;612.73;508.91
27/02/2018;607.16;502.15
28/02/2018;602.44;490.67
1/03/2018;599.67;489.87
2/03/2018;599.09;491.86
5/03/2018;599.67;497.11
6/03/2018;606.35;497.31
7/03/2018;604.38;493.18
8/03/2018;607.35;492.60
9/03/2018;611.02;502.18
12/03/2018;615.95;501.89
13/03/2018;615.96;498.27
14/03/2018;617.47;495.04
15/03/2018;614.34;492.95
16/03/2018;611.72;497.93
19/03/2018;615.11;489.50
20/03/2018;618.61;493.61
21/03/2018;621.16;506.58
22/03/2018;613.13;496.27
23/03/2018;606.12;493.31
26/03/2018;619.50;502.07
27/03/2018;617.38;497.67
28/03/2018;605.28;487.78
29/03/2018;605.94;498.29
30/03/2018;606.15;
2/04/2018;604.37;488.35
3/04/2018;611.48;498.79
4/04/2018;611.77;498.10
5/04/2018;618.96;507.14
6/04/2018;616.26;497.80
9/04/2018;621.41;500.13
10/04/2018;624.74;516.73
11/04/2018;625.06;522.11
12/04/2018;625.01;522.08
13/04/2018;622.40;527.75
16/04/2018;617.65;533.10
17/04/2018;619.12;535.23
18/04/2018;627.49;543.50
19/04/2018;629.97;544.26
20/04/2018;625.50;541.48
23/04/2018;620.27;544.78
24/04/2018;619.27;538.93
25/04/2018;614.13;543.32
26/04/2018;619.79;551.49
27/04/2018;631.12;544.78
30/04/2018;631.43;544.56
1/05/2018;628.09;541.54
2/05/2018;624.42;543.68
3/05/2018;622.05;542.41
4/05/2018;621.12;544.84
7/05/2018;627.76;545.84
8/05/2018;619.94;550.10
9/05/2018;623.22;561.29
10/05/2018;635.23;565.87
11/05/2018;631.61;565.28
14/05/2018;634.90;568.85
15/05/2018;634.61;568.92
16/05/2018;632.70;571.02
17/05/2018;632.61;578.51
18/05/2018;629.19;573.85
21/05/2018;635.52;579.40
22/05/2018;637.05;571.99
23/05/2018;632.69;571.98
24/05/2018;627.36;562.44
25/05/2018;618.95;547.77
28/05/2018;617.79;
29/05/2018;612.66;546.01
30/05/2018;615.19;563.01
31/05/2018;617.44;558.35
1/06/2018;614.45;561.37
4/06/2018;600.68;556.21
5/06/2018;592.94;554.30
6/06/2018;589.91;557.43
7/06/2018;587.62;566.26
8/06/2018;584.75;565.02
11/06/2018;585.55;567.05
12/06/2018;587.67;562.79
13/06/2018;586.21;560.50
14/06/2018;584.43;559.30
15/06/2018;580.92;547.51
18/06/2018;580.23;553.66
19/06/2018;575.02;552.17
20/06/2018;576.50;554.52
21/06/2018;572.92;543.84
22/06/2018;575.62;555.82
25/06/2018;572.52;543.60
26/06/2018;567.10;551.20
27/06/2018;558.75;558.58
28/06/2018;555.99;557.93
29/06/2018;560.82;561.54
2/07/2018;560.81;552.86
3/07/2018;562.43;556.84
4/07/2018;559.66;
5/07/2018;563.10;555.97
6/07/2018;569.13;559.67
9/07/2018;575.84;567.93
10/07/2018;574.76;572.13
11/07/2018;569.94;559.84
12/07/2018;573.63;560.96
13/07/2018;571.24;564.08
16/07/2018;568.45;557.42
17/07/2018;567.17;555.30
18/07/2018;569.30;555.47
19/07/2018;569.70;555.37
20/07/2018;573.14;553.41
23/07/2018;573.74;551.23
24/07/2018;579.55;558.48
25/07/2018;586.26;563.52
26/07/2018;583.64;569.12
27/07/2018;584.40;566.22
30/07/2018;582.83;570.98
31/07/2018;584.34;569.16
1/08/2018;583.53;561.58
2/08/2018;579.34;558.66
3/08/2018;574.93;556.06
6/08/2018;572.41;557.93
7/08/2018;573.17;561.93
8/08/2018;572.88;557.65
9/08/2018;573.04;552.70
10/08/2018;564.44;554.18
13/08/2018;556.38;547.44
14/08/2018;546.12;548.87
15/08/2018;538.66;529.59
16/08/2018;542.20;532.85
17/08/2018;545.92;534.27
20/08/2018;554.56;537.80
21/08/2018;560.37;540.46
22/08/2018;559.30;546.93
23/08/2018;553.15;544.07
24/08/2018;556.82;548.40
27/08/2018;561.31;552.44
28/08/2018;560.24;549.94
29/08/2018;560.30;553.39
30/08/2018;555.04;551.63
31/08/2018;556.93;547.58
3/09/2018;556.16;
4/09/2018;551.43;546.02
5/09/2018;547.04;545.58
6/09/2018;547.50;535.06
7/09/2018;543.67;534.93
10/09/2018;542.55;534.83
11/09/2018;543.93;540.06
12/09/2018;544.81;542.82
13/09/2018;542.48;542.83
14/09/2018;543.59;545.87
17/09/2018;542.93;546.77
18/09/2018;549.58;550.58
19/09/2018;551.46;552.68
20/09/2018;555.15;552.36
21/09/2018;560.38;556.34
24/09/2018;555.14;564.51
25/09/2018;552.39;567.74
26/09/2018;550.53;562.11
27/09/2018;545.96;562.37
28/09/2018;546.51;560.91
1/10/2018;543.85;569.13
2/10/2018;549.46;569.86
3/10/2018;549.18;574.55
4/10/2018;540.34;571.61
5/10/2018;538.54;571.36
8/10/2018;539.93;571.09
9/10/2018;541.20;576.72
10/10/2018;530.17;556.04
11/10/2018;519.72;538.87
12/10/2018;527.88;540.51
15/10/2018;527.38;536.08
16/10/2018;536.39;540.77
17/10/2018;535.89;537.01
18/10/2018;531.52;534.41
19/10/2018;531.62;530.02
22/10/2018;532.47;524.19
23/10/2018;519.96;510.17
24/10/2018;513.26;490.83
25/10/2018;518.38;496.47
26/10/2018;513.80;492.59
29/10/2018;507.37;483.31
30/10/2018;511.17;494.41
31/10/2018;516.86;497.37
1/11/2018;531.06;501.52
2/11/2018;533.27;500.99
5/11/2018;539.17;509.06
6/11/2018;545.21;510.77
7/11/2018;561.14;519.00
8/11/2018;558.71;507.56
9/11/2018;553.68;505.68
12/11/2018;553.56;494.86
13/11/2018;550.59;483.03
14/11/2018;549.73;482.52
15/11/2018;552.17;489.65
16/11/2018;557.17;495.03
19/11/2018;554.24;494.55
20/11/2018;544.77;478.27
21/11/2018;552.12;485.82
22/11/2018;550.56;
23/11/2018;550.92;469.96
26/11/2018;555.69;478.03
27/11/2018;562.05;476.45
28/11/2018;572.18;484.76
29/11/2018;573.70;487.60
30/11/2018;569.94;486.42
3/12/2018;577.58;497.52
4/12/2018;572.25;482.93
5/12/2018;567.95;
6/12/2018;563.66;474.39
7/12/2018;558.05;471.34
10/12/2018;552.85;463.72
11/12/2018;554.33;463.86
12/12/2018;560.39;465.37
13/12/2018;564.47;467.05
14/12/2018;558.53;455.93
17/12/2018;548.16;447.46
18/12/2018;542.39;436.96
19/12/2018;539.21;431.50
20/12/2018;532.66;419.45
21/12/2018;523.89;415.06
24/12/2018;517.84;398.39
26/12/2018;529.98;423.26
27/12/2018;527.76;425.97
28/12/2018;529.18;422.16
31/12/2018;531.48;424.07
2/01/2019;534.97;432.85
3/01/2019;528.82;428.07
4/01/2019;543.81;443.41
7/01/2019;547.00;449.14
8/01/2019;553.41;452.87
9/01/2019;560.29;459.67
10/01/2019;567.66;461.17
11/01/2019;570.49;458.28
14/01/2019;565.83;457.43
15/01/2019;566.89;458.80
16/01/2019;568.97;458.10
17/01/2019;573.34;462.58
18/01/2019;574.82;471.53
21/01/2019;577.01;
22/01/2019;572.31;461.15
23/01/2019;575.09;456.54
24/01/2019;587.23;459.26
25/01/2019;590.12;464.69
28/01/2019;589.53;459.90
29/01/2019;593.82;461.36
30/01/2019;598.33;467.49
31/01/2019;608.70;470.81
1/02/2019;610.75;479.44
4/02/2019;609.40;480.26
5/02/2019;611.96;481.05
6/02/2019;609.45;477.37
7/02/2019;606.47;467.21
8/02/2019;603.63;463.84
11/02/2019;607.25;465.97
12/02/2019;612.19;471.49
13/02/2019;614.65;477.57
14/02/2019;620.31;478.30
15/02/2019;615.46;485.89
18/02/2019;618.29;
19/02/2019;621.28;487.30
20/02/2019;619.62;489.38
21/02/2019;623.05;481.81
22/02/2019;629.94;483.41
25/02/2019;630.02;484.13
26/02/2019;629.94;482.79
27/02/2019;624.88;484.65
28/02/2019;625.48;479.94
1/03/2019;623.51;488.65
4/03/2019;627.82;489.64
5/03/2019;628.27;488.11
6/03/2019;620.37;481.88
7/03/2019;616.13;479.13
8/03/2019;610.73;469.77
11/03/2019;622.90;476.99
12/03/2019;630.06;479.75
13/03/2019;633.63;484.96
14/03/2019;632.15;485.24
15/03/2019;630.04;484.84
18/03/2019;637.66;491.57
19/03/2019;637.29;490.15
20/03/2019;635.03;494.51
21/03/2019;631.72;497.92
22/03/2019;620.63;484.86
25/03/2019;616.67;484.83
26/03/2019;618.51;491.84
27/03/2019;619.25;488.39
28/03/2019;621.13;490.21
29/03/2019;624.81;489.45
1/04/2019;629.57;496.14
2/04/2019;631.26;492.66
3/04/2019;636.66;487.93
4/04/2019;638.65;492.11
5/04/2019;645.45;500.45
8/04/2019;644.94;502.90
9/04/2019;641.73;496.42
10/04/2019;647.53;498.51
11/04/2019;642.69;498.68
12/04/2019;639.74;499.60
15/04/2019;643.93;496.76
16/04/2019;645.75;499.94
17/04/2019;645.92;499.51
18/04/2019;644.60;496.88
22/04/2019;645.86;507.08
23/04/2019;648.03;507.26
24/04/2019;647.93;497.89
25/04/2019;645.92;496.50
26/04/2019;647.71;490.47
29/04/2019;648.05;489.24
30/04/2019;649.09;489.38
1/05/2019;650.41;478.74
2/05/2019;644.70;470.54
3/05/2019;652.31;474.50
6/05/2019;639.60;474.19
7/05/2019;649.01;471.23
8/05/2019;645.17;470.95
9/05/2019;636.10;471.27
10/05/2019;641.03;471.66
13/05/2019;628.52;464.19
14/05/2019;630.97;469.26
15/05/2019;636.84;471.42
16/05/2019;639.97;473.19
17/05/2019;632.97;468.23
20/05/2019;628.40;468.55
21/05/2019;640.53;473.58
22/05/2019;642.05;466.10
23/05/2019;628.78;451.53
24/05/2019;633.93;452.22
27/05/2019;634.11;
28/05/2019;639.04;447.24
29/05/2019;634.13;444.45
30/05/2019;637.98;439.19
31/05/2019;637.38;432.10
3/06/2019;646.66;438.01
4/06/2019;650.03;445.06
5/06/2019;652.87;440.25
6/06/2019;652.63;447.85
7/06/2019;659.23;449.69
10/06/2019;661.54;451.19
11/06/2019;665.57;451.75
12/06/2019;660.64;445.26
13/06/2019;668.03;450.81
14/06/2019;662.94;447.48
17/06/2019;660.66;451.55
18/06/2019;668.28;457.67
19/06/2019;672.81;456.65
20/06/2019;681.70;466.74
21/06/2019;678.78;470.57
24/06/2019;680.45;466.21
25/06/2019;674.51;462.36
26/06/2019;673.12;469.46
27/06/2019;677.57;465.73
28/06/2019;680.90;471.28
1/07/2019;681.81;471.74
2/07/2019;689.03;463.54
3/07/2019;692.50;466.33
4/07/2019;692.14;
5/07/2019;693.12;466.84
8/07/2019;691.90;467.30
9/07/2019;691.37;467.70
10/07/2019;693.35;474.26
11/07/2019;692.67;475.13
12/07/2019;690.92;476.89
15/07/2019;687.94;472.47
16/07/2019;691.26;467.15
17/07/2019;690.91;461.79
18/07/2019;693.12;461.75
19/07/2019;692.54;464.01
22/07/2019;692.21;466.07
23/07/2019;687.85;467.32
24/07/2019;689.52;469.21
25/07/2019;687.08;463.77
26/07/2019;686.96;461.46
29/07/2019;687.69;459.92
30/07/2019;682.09;464.95
31/07/2019;686.23;462.47
1/08/2019;692.93;451.93
2/08/2019;688.26;445.85
5/08/2019;668.00;432.63
6/08/2019;672.33;432.35
7/08/2019;688.06;429.08
8/08/2019;703.00;441.49
9/08/2019;700.33;435.96
12/08/2019;699.44;429.79
13/08/2019;700.29;434.15
14/08/2019;685.71;416.27
15/08/2019;679.37;414.12
16/08/2019;689.76;419.03
19/08/2019;697.91;428.01
20/08/2019;698.16;423.89
21/08/2019;708.58;427.08
22/08/2019;700.36;425.02
23/08/2019;690.64;410.68
26/08/2019;692.47;412.53
27/08/2019;692.86;409.96
28/08/2019;694.37;415.71
29/08/2019;693.32;421.74
30/08/2019;698.08;422.09
2/09/2019;705.75;
3/09/2019;697.94;419.76
4/09/2019;709.55;425.60
5/09/2019;709.49;431.01
6/09/2019;706.92;433.24
9/09/2019;699.92;441.27
10/09/2019;697.80;446.98
11/09/2019;705.55;447.08
12/09/2019;702.70;444.25
13/09/2019;704.76;447.81
16/09/2019;705.60;462.55
17/09/2019;714.54;455.54
18/09/2019;714.89;453.64
19/09/2019;725.23;451.89
20/09/2019;724.66;452.25
23/09/2019;723.06;452.76
24/09/2019;714.98;445.38
25/09/2019;713.63;446.40
26/09/2019;705.48;440.45
27/09/2019;692.79;440.45
30/09/2019;693.96;437.13
1/10/2019;690.26;427.07
2/10/2019;682.49;415.93
3/10/2019;684.30;421.16
4/10/2019;700.43;423.76
7/10/2019;698.39;419.86
8/10/2019;696.99;412.37
9/10/2019;695.17;416.77
10/10/2019;699.03;422.11
11/10/2019;703.93;428.04
14/10/2019;699.11;427.54
15/10/2019;694.23;429.22
16/10/2019;689.20;422.81
17/10/2019;696.33;422.97
18/10/2019;697.44;420.67
21/10/2019;704.10;428.49
22/10/2019;698.54;434.10
23/10/2019;695.19;437.36
24/10/2019;695.11;435.50
25/10/2019;691.68;438.87
28/10/2019;693.93;436.14
29/10/2019;691.45;437.97
30/10/2019;679.95;428.68
31/10/2019;681.44;426.66
1/11/2019;682.65;437.36
4/11/2019;679.39;451.12
5/11/2019;677.48;453.17
6/11/2019;673.51;442.79
7/11/2019;673.55;449.78
8/11/2019;674.82;446.13
11/11/2019;680.23;443.65
12/11/2019;680.81;441.05
13/11/2019;677.24;438.79
14/11/2019;681.05;437.50
15/11/2019;685.26;440.43
18/11/2019;680.10;434.57
19/11/2019;682.31;428.17
20/11/2019;677.38;432.61
21/11/2019;676.78;439.68
22/11/2019;677.12;438.15
25/11/2019;687.82;438.86
26/11/2019;690.67;434.42
27/11/2019;698.64;435.78
28/11/2019;699.38;
29/11/2019;701.27;431.37
2/12/2019;700.96;431.49
3/12/2019;705.22;424.81
4/12/2019;709.42;431.48
5/12/2019;707.14;429.34
6/12/2019;713.69;437.91
9/12/2019;711.21;436.83
10/12/2019;707.65;437.49
11/12/2019;714.35;436.81
12/12/2019;719.91;445.40
13/12/2019;725.51;441.35
16/12/2019;738.55;447.64
17/12/2019;741.97;447.47
18/12/2019;739.65;448.83
19/12/2019;742.15;448.55
20/12/2019;744.44;452.48
23/12/2019;750.12;457.28
24/12/2019;751.99;457.06
26/12/2019;754.30;457.11
27/12/2019;753.73;454.96
30/12/2019;750.46;453.39
31/12/2019;751.79;456.46
2/01/2020;763.44;460.34
3/01/2020;759.34;458.77
6/01/2020;758.86;462.34
7/01/2020;757.77;461.39
8/01/2020;760.50;453.36
9/01/2020;764.72;456.79
10/01/2020;767.16;453.87
13/01/2020;775.30;454.25
14/01/2020;782.98;454.26
15/01/2020;783.35;451.21
16/01/2020;788.57;451.74
17/01/2020;795.06;448.77
20/01/2020;795.17;
21/01/2020;796.06;440.32
22/01/2020;792.92;436.39
23/01/2020;792.59;434.81
24/01/2020;798.13;429.71
27/01/2020;780.76;417.87
28/01/2020;794.41;419.59
29/01/2020;795.73;415.12
30/01/2020;786.18;418.79
31/01/2020;778.52;405.45
3/02/2020;785.63;400.02
4/02/2020;806.22;400.81
5/02/2020;821.10;415.97
6/02/2020;824.89;411.64
7/02/2020;817.63;408.55
10/02/2020;819.07;405.24
11/02/2020;839.73;409.47
12/02/2020;858.11;415.03
13/02/2020;853.52;413.15
14/02/2020;853.37;409.82
17/02/2020;853.05;
18/02/2020;856.76;406.42
19/02/2020;905.68;411.79
20/02/2020;912.53;411.11
21/02/2020;903.57;405.93
24/02/2020;873.51;386.70
25/02/2020;849.63;369.92
26/02/2020;838.69;358.94
27/02/2020;808.76;339.30
28/02/2020;796.82;343.53
2/03/2020;810.65;353.68
3/03/2020;821.66;342.64
4/03/2020;844.47;350.25
5/03/2020;842.25;337.59
6/03/2020;814.55;318.64
9/03/2020;728.83;254.65
10/03/2020;733.66;267.37
11/03/2020;696.56;252.77
12/03/2020;614.73;221.69
13/03/2020;636.15;241.29
16/03/2020;573.52;208.41
17/03/2020;609.60;209.92
18/03/2020;548.52;179.94
19/03/2020;556.09;192.08
20/03/2020;563.77;193.93
23/03/2020;530.32;181.03
24/03/2020;592.18;210.56
25/03/2020;619.48;220.02
26/03/2020;640.10;233.76
27/03/2020;608.03;217.56
30/03/2020;606.24;219.81
31/03/2020;614.35;223.40
1/04/2020;590.69;213.04
2/04/2020;596.07;232.37
3/04/2020;589.71;229.26
6/04/2020;623.64;241.07
7/04/2020;639.80;245.90
8/04/2020;656.17;262.46
9/04/2020;666.50;259.63
13/04/2020;662.00;258.57
14/04/2020;679.07;257.37
15/04/2020;655.10;245.34
16/04/2020;652.34;235.59
17/04/2020;673.33;260.17
20/04/2020;665.38;251.60
21/04/2020;642.24;247.38
22/04/2020;652.08;256.24
23/04/2020;661.15;263.96
24/04/2020;645.48;264.51
27/04/2020;659.92;270.07
28/04/2020;678.06;275.99
29/04/2020;703.86;296.28
30/04/2020;686.57;289.65
1/05/2020;668.11;272.28
4/05/2020;664.53;282.38
5/05/2020;672.16;283.12
6/05/2020;683.16;275.67
7/05/2020;684.86;282.49
8/05/2020;707.85;294.75
11/05/2020;711.98;289.78
12/05/2020;709.34;282.93
13/05/2020;692.59;270.52
14/05/2020;686.84;273.07
15/05/2020;687.50;272.31
18/05/2020;719.98;292.87
19/05/2020;725.43;284.40
20/05/2020;731.91;295.26
21/05/2020;728.14;290.88
22/05/2020;719.78;288.94
25/05/2020;725.80;
26/05/2020;746.78;297.34
27/05/2020;750.62;300.79
28/05/2020;745.69;292.04
29/05/2020;756.87;291.59
1/06/2020;766.56;296.50
2/06/2020;775.20;304.37
3/06/2020;783.30;313.65
4/06/2020;787.11;313.17
5/06/2020;801.31;336.52
8/06/2020;819.08;351.06
9/06/2020;808.80;338.46
10/06/2020;803.20;321.81
11/06/2020;760.01;291.39
12/06/2020;767.57;299.28
15/06/2020;777.13;299.54
16/06/2020;791.98;307.99
17/06/2020;778.74;297.89
18/06/2020;784.39;301.45
19/06/2020;787.37;296.40
22/06/2020;789.49;298.27
23/06/2020;801.46;298.50
24/06/2020;789.82;281.97
25/06/2020;786.50;287.39
26/06/2020;766.65;277.30
29/06/2020;790.14;281.26
30/06/2020;796.14;287.46
1/07/2020;807.71;280.30
2/07/2020;820.16;283.46
3/07/2020;825.47;
6/07/2020;850.76;284.51
7/07/2020;851.00;275.46
8/07/2020;875.48;275.17
9/07/2020;866.20;261.81
10/07/2020;864.21;270.32
13/07/2020;859.14;268.87
14/07/2020;877.96;278.56
15/07/2020;899.05;284.02
16/07/2020;892.58;282.57
17/07/2020;904.55;278.27
20/07/2020;922.43;273.46
21/07/2020;929.58;290.28
22/07/2020;934.42;286.39
23/07/2020;941.40;285.79
24/07/2020;922.48;284.11
27/07/2020;938.55;284.71
28/07/2020;917.44;279.73
29/07/2020;919.39;285.70
30/07/2020;923.58;273.99
31/07/2020;921.51;272.09
3/08/2020;937.67;272.81
4/08/2020;969.29;279.51
5/08/2020;996.25;282.46
6/08/2020;997.72;280.45
7/08/2020;1012.15;280.59
10/08/2020;1015.58;289.24
11/08/2020;1006.09;288.55
12/08/2020;1017.39;290.07
13/08/2020;1036.36;284.31
14/08/2020;1026.94;286.99
17/08/2020;1038.14;285.18
18/08/2020;1042.52;280.29
19/08/2020;1051.38;277.05
20/08/2020;1036.36;271.15
21/08/2020;1037.16;269.45
24/08/2020;1052.20;276.87
25/08/2020;1074.24;272.94
26/08/2020;1072.63;266.85
27/08/2020;1070.81;267.52
28/08/2020;1096.08;272.48
31/08/2020;1093.73;266.50
1/09/2020;1109.92;264.05
2/09/2020;1103.08;262.95
3/09/2020;1046.83;261.18
4/09/2020;1023.41;260.32
7/09/2020;1033.16;
8/09/2020;1021.69;250.67
9/09/2020;1050.03;252.21
10/09/2020;1035.08;242.96
11/09/2020;1032.24;243.58
14/09/2020;1061.75;245.09
15/09/2020;1078.89;243.22
16/09/2020;1087.67;253.06
17/09/2020;1063.43;253.58
18/09/2020;1066.65;250.65
21/09/2020;1056.06;242.45
22/09/2020;1061.67;239.96
23/09/2020;1058.65;229.05
24/09/2020;1048.97;229.24
25/09/2020;1069.28;229.09
28/09/2020;1118.55;234.42
29/09/2020;1145.06;228.03
30/09/2020;1176.91;227.49
1/10/2020;1211.50;220.36
2/10/2020;1210.84;222.55
5/10/2020;1267.23;229.05
6/10/2020;1282.59;225.56
7/10/2020;1339.67;228.82
8/10/2020;1345.37;237.46
9/10/2020;1362.36;233.68
12/10/2020;1335.56;234.41
13/10/2020;1332.47;230.76
14/10/2020;1347.87;231.47
15/10/2020;1334.73;234.18
16/10/2020;1332.70;228.78
19/10/2020;1328.41;223.97
20/10/2020;1347.77;226.51
21/10/2020;1295.33;222.01
22/10/2020;1285.71;231.24
23/10/2020;1286.09;229.96
26/10/2020;1266.41;221.99
27/10/2020;1256.42;218.92
28/10/2020;1246.39;209.69
29/10/2020;1254.57;216.41
30/10/2020;1244.82;216.82
2/11/2020;1265.49;224.77
3/11/2020;1283.37;223.09
4/11/2020;1266.38;223.45
5/11/2020;1349.40;223.36
6/11/2020;1361.79;218.58
9/11/2020;1362.70;249.67
10/11/2020;1346.23;255.97
11/11/2020;1387.52;253.82
12/11/2020;1386.16;245.21
13/11/2020;1379.72;254.55
16/11/2020;1387.96;271.09
17/11/2020;1387.97;272.44
18/11/2020;1374.89;264.60
19/11/2020;1384.13;268.65
20/11/2020;1404.19;267.24
23/11/2020;1430.27;286.18
24/11/2020;1445.25;300.95
25/11/2020;1471.04;293.66
26/11/2020;1467.14;
27/11/2020;1498.84;289.99
30/11/2020;1500.60;274.42
1/12/2020;1482.90;275.62
2/12/2020;1468.41;284.30
3/12/2020;1463.16;287.34
4/12/2020;1464.72;302.94
7/12/2020;1473.05;295.55
8/12/2020;1505.62;300.19
9/12/2020;1481.39;301.14
10/12/2020;1491.62;309.95
11/12/2020;1503.85;306.38
14/12/2020;1523.76;295.55
15/12/2020;1586.83;301.23
16/12/2020;1594.95;300.04
17/12/2020;1622.40;298.33
18/12/2020;1648.73;293.33
21/12/2020;1671.77;288.06
22/12/2020;1732.46;283.04
23/12/2020;1764.04;289.20
24/12/2020;1761.47;287.38
28/12/2020;1769.53;285.82
29/12/2020;1762.35;283.93
30/12/2020;1797.23;288.48
31/12/2020;1790.76;286.14
4/01/2021;1820.22;286.50
5/01/2021;1857.20;299.49
6/01/2021;1957.09;308.45
7/01/2021;2091.74;313.06
8/01/2021;2113.52;312.78
11/01/2021;2034.27;317.86
12/01/2021;2057.05;328.98
13/01/2021;2066.96;326.33
14/01/2021;2050.51;336.14
15/01/2021;1945.60;322.58
18/01/2021;1937.80;
19/01/2021;2003.68;329.30
20/01/2021;1989.51;330.47
21/01/2021;2069.50;319.12
22/01/2021;2096.08;317.54
25/01/2021;2065.98;314.17
26/01/2021;2047.86;307.50
27/01/2021;1940.97;303.22
28/01/2021;1952.31;306.92
29/01/2021;1903.24;296.52
1/02/2021;1938.84;298.59
2/02/2021;1961.06;301.85
3/02/2021;1994.52;314.75
4/02/2021;1969.89;318.16
5/02/2021;1984.14;321.10
8/02/2021;2010.16;334.50
9/02/2021;1995.09;329.41
10/02/2021;1972.93;335.48
11/02/2021;1980.07;330.36
12/02/2021;1938.84;334.99
15/02/2021;1947.72;
16/02/2021;1918.15;342.57
17/02/2021;1883.06;347.55
18/02/2021;1787.02;339.66
19/02/2021;1819.98;345.23
22/02/2021;1712.09;357.22
23/02/2021;1681.10;362.97
24/02/2021;1701.08;376.20
25/02/2021;1644.59;368.66
26/02/2021;1648.40;360.19
1/03/2021;1713.13;369.47
2/03/2021;1662.67;367.31
3/03/2021;1564.73;372.55
4/03/2021;1507.22;381.76
5/03/2021;1459.23;396.54
8/03/2021;1432.40;397.13
9/03/2021;1531.63;389.54
10/03/2021;1536.22;399.80
11/03/2021;1628.16;400.11
12/03/2021;1620.06;400.82
15/03/2021;1609.64;395.81
16/03/2021;1583.95;384.62
17/03/2021;1527.92;388.23
18/03/2021;1475.75;370.06
19/03/2021;1490.46;370.11
22/03/2021;1518.88;366.39
23/03/2021;1497.87;361.40
24/03/2021;1435.88;370.51
25/03/2021;1425.88;371.44
26/03/2021;1458.28;381.18
29/03/2021;1427.25;376.37
30/03/2021;1484.38;373.35
31/03/2021;1533.55;369.89
1/04/2021;1545.43;379.71
2/04/2021;1544.81;
5/04/2021;1507.87;370.57
6/04/2021;1516.13;369.60
7/04/2021;1478.16;371.23
8/04/2021;1488.27;366.17
9/04/2021;1488.18;364.35
12/04/2021;1462.80;360.91
13/04/2021;1486.54;361.26
14/04/2021;1492.75;371.78
15/04/2021;1472.34;368.50
16/04/2021;1509.91;365.19
19/04/2021;1477.12;364.98
20/04/2021;1467.67;355.26
21/04/2021;1484.66;360.50
22/04/2021;1528.08;355.42
23/04/2021;1549.24;358.74
26/04/2021;1562.07;361.03
27/04/2021;1555.37;365.57
28/04/2021;1525.72;377.80
29/04/2021;1499.83;381.98
30/04/2021;1475.01;371.60
3/05/2021;1458.75;382.43
4/05/2021;1394.17;382.51
5/05/2021;1398.08;395.24
6/05/2021;1374.42;397.15
7/05/2021;1400.21;404.65
10/05/2021;1366.34;404.45
11/05/2021;1357.83;394.09
12/05/2021;1324.22;394.33
13/05/2021;1322.57;389.01
14/05/2021;1362.40;401.29
17/05/2021;1356.49;410.53
18/05/2021;1386.73;399.72
19/05/2021;1391.71;389.63
20/05/2021;1425.24;389.17
21/05/2021;1435.33;389.91
24/05/2021;1432.40;393.76
25/05/2021;1432.73;385.73
26/05/2021;1450.45;389.32
27/05/2021;1445.06;389.54
28/05/2021;1453.68;389.82
31/05/2021;1451.39;
1/06/2021;1450.96;405.14
2/06/2021;1428.94;412.19
3/06/2021;1406.54;413.47
4/06/2021;1415.99;415.85
7/06/2021;1422.22;414.25
8/06/2021;1430.12;417.89
9/06/2021;1424.66;415.56
10/06/2021;1426.80;415.02
11/06/2021;1434.47;413.47
14/06/2021;1451.81;411.85
15/06/2021;1435.97;420.34
16/06/2021;1455.95;418.31
17/06/2021;1451.48;403.71
18/06/2021;1431.97;391.92
21/06/2021;1440.92;408.73
22/06/2021;1456.45;411.46
23/06/2021;1457.05;412.55
24/06/2021;1462.72;416.07
25/06/2021;1472.59;418.03
28/06/2021;1506.61;404.13
29/06/2021;1516.92;402.10
30/06/2021;1493.33;407.37
1/07/2021;1501.35;414.36
2/07/2021;1494.83;413.52
5/07/2021;1496.89;
6/07/2021;1508.50;400.28
7/07/2021;1503.26;393.37
8/07/2021;1477.58;391.55
9/07/2021;1478.75;399.42
12/07/2021;1497.59;398.98
13/07/2021;1483.85;396.15
14/07/2021;1449.73;384.51
15/07/2021;1419.85;379.08
16/07/2021;1412.59;368.60
19/07/2021;1395.82;355.36
20/07/2021;1406.95;360.26
21/07/2021;1448.66;372.98
22/07/2021;1455.40;368.77
23/07/2021;1435.79;367.17
26/07/2021;1428.46;376.34
27/07/2021;1413.94;372.54
28/07/2021;1445.47;376.15
29/07/2021;1448.92;379.67
30/07/2021;1444.11;372.99
2/08/2021;1449.97;370.33
3/08/2021;1472.01;377.11
4/08/2021;1474.79;366.06
5/08/2021;1465.15;370.75
6/08/2021;1458.63;374.19
9/08/2021;1478.67;368.66
10/08/2021;1479.68;375.00
11/08/2021;1467.91;377.82
12/08/2021;1449.03;375.97
13/08/2021;1443.77;371.14
16/08/2021;1427.98;364.35
17/08/2021;1412.37;361.00
18/08/2021;1427.40;352.34
19/08/2021;1422.39;342.99
20/08/2021;1441.72;343.95
23/08/2021;1460.74;356.92
24/08/2021;1473.44;362.68
25/08/2021;1473.43;365.28
26/08/2021;1462.24;359.77
27/08/2021;1468.92;369.21
30/08/2021;1485.73;364.92
31/08/2021;1483.53;362.26
1/09/2021;1498.29;356.80
2/09/2021;1514.21;365.82
3/09/2021;1502.95;363.88
6/09/2021;1497.68;
7/09/2021;1488.04;361.80
8/09/2021;1460.38;357.11
9/09/2021;1459.62;357.55
10/09/2021;1441.43;357.39
13/09/2021;1461.16;367.90
14/09/2021;1457.47;362.20
15/09/2021;1433.52;376.02
16/09/2021;1423.16;372.04
17/09/2021;1424.50;369.23
20/09/2021;1396.38;358.00
21/09/2021;1410.85;359.34
22/09/2021;1429.32;370.71
23/09/2021;1444.49;383.35
24/09/2021;1418.43;386.57